Country Name,Country Code,Indicator Name,Indicator Code,1960,1961,1962,1963,1964,1965,1966,1967,1968,1969,1970,1971,1972,1973,1974,1975,1976,1977,1978,1979,1980,1981,1982,1983,1984,1985,1986,1987,1988,1989,1990,1991,1992,1993,1994,1995,1996,1997,1998,1999,2000,2001,2002,2003,2004,2005,2006,2007,2008,2009,2010,2011,2012,2013,2014,2015,2016,2017,2018
Aruba,ABW,"Government expenditure on education, total (% of GDP)",SE.XPD.TOTL.GD.ZS,,,,,,,,,,,,,,,,,,,,,,,,,,,,,,,,,,,,,,,4.763909817,4.395540237,4.71468,4.73986,4.92365,,4.40848,4.68132,,4.81504,4.99923,5.92479,6.92927,6.11913,6.54906,6.80806,6.16293,6.48175,6.1899,,
Afghanistan,AFG,"Government expenditure on education, total (% of GDP)",SE.XPD.TOTL.GD.ZS,,,,,,,,,,,,1.160359979,1.11717999,1.427880049,,1.30332005,,,,1.73980999,1.840929985,1.909170032,1.729979992,,,,,,,,,,,,,,,,,,,,,,,,,,,,3.47945,3.46201,2.6042,3.45446,3.69522,3.2558,4.22836,4.05887,
Angola,AGO,"Government expenditure on education, total (% of GDP)",SE.XPD.TOTL.GD.ZS,,,,,,,,,,,,,,,,,,,,,,,,,,4.090219975,5.722690105,5.058509827,,,,,,,,,,,2.567120075,,2.60753,,,,,2.12011,2.28146,,,,3.42132,,,,,,,,
Albania,ALB,"Government expenditure on education, total (% of GDP)",SE.XPD.TOTL.GD.ZS,,,,,,,,,,,,,,,,,,,,,,,,,,,,,,,,,,,3.44698,3.814640045,3.083509922,3.37947011,3.536979914,3.592930079,3.43017,3.4587,3.1178,3.13823,3.22752,3.28155,3.19146,3.27593,,,,,,3.5393,,3.43797,3.95464,,
Andorra,AND,"Government expenditure on education, total (% of GDP)",SE.XPD.TOTL.GD.ZS,,,,,,,,,,,,,,,,,,,,,,,,,,,,,,,,,,,,,,3.713279963,,,,,1.68153,,1.52269,1.59653,2.18989,2.07097,2.93007,3.15484,3.05742,3.14508,,2.43807,2.99781,3.25368,3.2567,3.19556,
Arab World,ARB,"Government expenditure on education, total (% of GDP)",SE.XPD.TOTL.GD.ZS,,,,,,,,,,,,,,,,,,,,,,,,,,,,,,,,,,,,,,,,,,,,,,,,,,,,,,,,,,,
United Arab Emirates,ARE,"Government expenditure on education, total (% of GDP)",SE.XPD.TOTL.GD.ZS,,,,,,,,,,,,,,,,,,,,,,,,,,,,,,,,,,,,,,,,,,,,,,,,,,,,,,,,,,,
Argentina,ARG,"Government expenditure on education, total (% of GDP)",SE.XPD.TOTL.GD.ZS,,,,,,,,,,,1.458089948,,1.936200023,1.780519962,1.923519969,1.843600035,1.165639997,1.71984005,1.935549974,2.400279999,2.607150078,,1.597869992,1.617499948,2.56972003,1.361860037,1.26154995,1.282299995,,1.046120048,1.067379951,,,,,,3.731980085,,4.039869785,4.521679878,4.58031,4.83374,4.01734,3.53505,3.48652,3.86001,4.12821,4.4626,4.84441,5.53105,5.01971,5.29063,5.34583,5.43661,5.36144,5.77611,5.57218,5.50825,
Armenia,ARM,"Government expenditure on education, total (% of GDP)",SE.XPD.TOTL.GD.ZS,,,,,,,,,,,,,,,,,,,,,,,,,,,,,,,,,,,,,1.848430037,,,2.235189915,2.77273,2.46944,2.13504,2.14504,2.48673,2.71203,2.71577,3.01894,3.17273,3.84079,3.249,3.14385,2.77248,2.65018,2.24724,2.80591,2.75812,2.70545,
American Samoa,ASM,"Government expenditure on education, total (% of GDP)",SE.XPD.TOTL.GD.ZS,,,,,,,,,,,,,,,,,,,,,,,,,,,,,,,,,,,,,,,,,,,,,,,,,,,,,,,,,,,
Antigua and Barbuda,ATG,"Government expenditure on education, total (% of GDP)",SE.XPD.TOTL.GD.ZS,,,,,,,,,,,,,,,,,,,,,,,,,,,,,,,,,,,,,,,,2.753979921,,,3.39428,,,,,,,2.51724,,,,,,,,,
Australia,AUS,"Government expenditure on education, total (% of GDP)",SE.XPD.TOTL.GD.ZS,,,,,,,,,,,,,,,,,,,6.010409832,5.898389816,5.655459881,,5.481080055,5.373360157,,5.406770229,5.281909943,5.071589947,4.918809891,4.748320103,4.675559998,4.793849945,4.691720009,5.516540051,5.255000114,5.143909931,5.240970135,,,,4.89369,,,,,4.91573,4.75359,4.66711,4.64397,5.09327,5.55917,5.08313,4.87765,5.23801,5.17368,5.32175,5.28031,,
Austria,AUT,"Government expenditure on education, total (% of GDP)",SE.XPD.TOTL.GD.ZS,,,,,,,,,,,4.147160053,4.282350063,4.450150013,4.515470028,4.655940056,5.127960205,5.237659931,4.95401001,5.159790039,5.038159847,5.008969784,5.367809772,5.362989902,5.303780079,5.294469833,5.297210217,5.499959946,5.376110077,5.190730095,5.01816988,4.957250118,5.103219986,5.296979904,5.251999855,,5.428349972,5.259900093,,6.103740215,6.112339973,5.58881,5.57548,5.52213,5.36183,5.30243,5.24937,5.22652,5.1469,5.26396,5.73025,5.70048,5.59227,5.4804,5.54711,5.44762,5.45675,5.5007,,
Azerbaijan,AZE,"Government expenditure on education, total (% of GDP)",SE.XPD.TOTL.GD.ZS,,,,,,,,,,,,,,,,,,,,,,,,,,,,,,,,,6.083330154,,,3.337369919,3.512569904,,3.380019903,4.212140083,3.85399,3.50342,3.15446,3.28615,3.4477,2.97462,2.55552,2.54928,2.44093,3.22431,2.78062,2.43564,2.06763,2.44213,2.63304,2.95168,2.90341,2.48097,
Burundi,BDI,"Government expenditure on education, total (% of GDP)",SE.XPD.TOTL.GD.ZS,,,,,,,,,,,,,,,,,,,,2.803359985,,3.346760035,,,,,,,,,3.359329939,3.493659973,3.805850029,,4.565269947,5.015110016,4.083240032,,,3.417449951,2.64548,2.90391,3.00493,,3.74496,3.63216,,,5.1929,6.17195,6.77525,6.31925,6.16786,5.99536,6.78452,6.37054,4.69272,4.76183,
Belgium,BEL,"Government expenditure on education, total (% of GDP)",SE.XPD.TOTL.GD.ZS,,,,,,,,,,,,,,,,5.732140064,5.700530052,5.956940174,5.407400131,5.351699829,5.282360077,5.406380177,5.2884202,,,,4.826459885,4.552760124,4.27782011,,,,,5.343709946,5.382229805,2.972749949,3.026109934,,,,,,,,,5.76901,,,6.29139,6.41536,6.40799,6.37874,,6.63966,6.63852,6.54091,6.54428,,
Benin,BEN,"Government expenditure on education, total (% of GDP)",SE.XPD.TOTL.GD.ZS,,,,,,,,,,,,,,,,,,,,,,,,,,,,,,,,,,,,,,,2.747889996,2.626650095,2.88869,3.23235,2.95134,3.12027,3.50804,3.63079,3.50328,3.22981,3.79566,4.22204,5.02932,,4.86816,4.54732,4.32113,4.35643,3.99469,,
Burkina Faso,BFA,"Government expenditure on education, total (% of GDP)",SE.XPD.TOTL.GD.ZS,,,,,,,,,,,,,,,,,,,1.679829955,,1.961799979,,,1.754480004,,1.763960004,,,1.426079988,,,,,,3.451100111,,1.440260053,,,,,,,,,4.4326,4.47876,4.58858,,,3.93896,4.48326,4.05353,4.59384,4.55994,4.16607,,,
Bangladesh,BGD,"Government expenditure on education, total (% of GDP)",SE.XPD.TOTL.GD.ZS,,,,,,,,,,,,,,,,,,,,1.130929947,0.937600017,1.071499944,1.011639953,1.032670021,1.223029971,1.271180034,1.343490005,1.513640046,,,1.519119978,1.425660014,1.631770015,1.692620039,,,,1.952469945,,2.132819891,2.12508,2.17193,2.01715,2.06939,1.94014,,2.13129,2.20222,2.05457,1.93942,,2.1327,2.1755,1.96616,,,1.53554,2.47255,1.98602
Bulgaria,BGR,"Government expenditure on education, total (% of GDP)",SE.XPD.TOTL.GD.ZS,,,,,,,,,,,,,,,,,,,,,3.52947998,,,,,,,,,,4.454060078,5.429619789,5.2604599,4.950489998,4.170660019,3.44701004,2.711980104,,2.755660057,,,3.41018,3.41238,4.02938,2.33781,4.14106,3.93202,3.68211,4.22437,4.28575,3.86346,3.56303,3.50203,4.07685,,,,,
Bahrain,BHR,"Government expenditure on education, total (% of GDP)",SE.XPD.TOTL.GD.ZS,,,,,,,,,,,,,,,,,,,,,,,,,,,,,,,,,,,,,,,,,,,,,,,2.87436,2.575,2.49678,,,,2.64531,2.47688,2.46746,2.66808,,2.32721,
"Bahamas, The",BHS,"Government expenditure on education, total (% of GDP)",SE.XPD.TOTL.GD.ZS,,,,,,,,,,,,,,,,,,,,,,,,,,,,,,,,,,,,,,,,,2.23284,,,,,,,,,,,,,,,,,,
Bosnia and Herzegovina,BIH,"Government expenditure on education, total (% of GDP)",SE.XPD.TOTL.GD.ZS,,,,,,,,,,,,,,,,,,,,,,,,,,,,,,,,,,,,,,,,,,,,,,,,,,,,,,,,,,,
Belarus,BLR,"Government expenditure on education, total (% of GDP)",SE.XPD.TOTL.GD.ZS,,,,,,,,,,,,,,,,,,,,,,,,,,,,,,,,,,,,,,,,6.000010014,6.19662,,,,5.71226,5.87103,6.07696,5.1521,,4.36894,5.09167,4.68479,4.95964,5.00942,4.81831,4.78752,4.94655,4.82003,
Belize,BLZ,"Government expenditure on education, total (% of GDP)",SE.XPD.TOTL.GD.ZS,,,,,,,,,,,,,,,,,,,,,,,,,,,,,,,,,,,,,,,,5.44343996,5.02843,5.79693,,5.20682,5.29927,,,,5.68789,6.10014,6.62963,,,6.2572,6.4953,6.76618,7.12481,7.37876,
Bermuda,BMU,"Government expenditure on education, total (% of GDP)",SE.XPD.TOTL.GD.ZS,,,,,,,,,,,,,,2.882100105,,2.409590006,,,,,,,,,,2.316819906,,,,,2.394779921,2.465460062,2.688019991,,,,,,2.152470112,,,,,1.66627,1.77588,1.98877,,,,2.58609,2.5852,,,,1.75958,1.6986,,1.50039,
Bolivia,BOL,"Government expenditure on education, total (% of GDP)",SE.XPD.TOTL.GD.ZS,,,,,,,,,,,,,,,,,,,,,,,,,,,,,,,,,,,4.784210205,5.608170033,4.657410145,,5.523009777,5.659319878,5.47342,5.89946,6.23031,6.37904,,,6.31361,,7.03973,8.0812,7.60011,6.88847,6.42524,6.25793,7.28535,,,,
Brazil,BRA,"Government expenditure on education, total (% of GDP)",SE.XPD.TOTL.GD.ZS,,,,,,,,,,,,,,,,,,,,,,,,,,,,,,,,,,,,4.568160057,,,4.756659985,3.800620079,3.94893,3.84468,3.75037,,3.97448,4.47908,4.8706,4.97426,5.26884,5.46355,5.6488,5.73741,5.8551,5.83885,5.94848,6.24106,,,
Barbados,BRB,"Government expenditure on education, total (% of GDP)",SE.XPD.TOTL.GD.ZS,,,,,,,,,,,,,,,,,5.9447999,6.517159939,,,,,,,,,,,,,,6.601990223,,,,,,,,4.254580021,4.62151,5.93509,5.76335,6.12136,5.90407,5.55696,,5.27164,4.92445,5.11939,6.03487,,5.2589,5.09774,6.22941,,5.09272,4.65652,
Brunei Darussalam,BRN,"Government expenditure on education, total (% of GDP)",SE.XPD.TOTL.GD.ZS,,,,,,,,,,,6.239150047,4.995019913,4.039289951,8.793290138,3.39270997,1.961339951,1.970080018,,2.114239931,1.545519948,1.191079974,1.616780043,1.697149992,,,,,4.737730026,5.409029961,4.69012022,3.959959984,3.668940067,3.747689962,4.29403019,,,,,5.253950119,4.932050228,3.70591,,,,,,,,,,2.04661,3.3221,2.88959,,3.35319,,4.42541,,
Bhutan,BTN,"Government expenditure on education, total (% of GDP)",SE.XPD.TOTL.GD.ZS,,,,,,,,,,,,,,,,,,,,,,,,,,,,,,,,,,,,,,,,,5.51379,5.7178,,,6.41799,7.0781,,,4.7975,4.62672,4.02447,4.65258,,5.58966,5.90333,7.38966,6.80249,7.02813,6.64043
Botswana,BWA,"Government expenditure on education, total (% of GDP)",SE.XPD.TOTL.GD.ZS,,,,,,,,,,,,4.387239933,3.906389952,3.262789965,3.674240112,5.649429798,6.063960075,5.40031004,5.952139854,6.141729832,5.46931982,,,5.552269936,5.551660061,5.650720119,5.185929775,6.117730141,6.151110172,,5.739630222,,6.840610027,,,,,,,,,,,,,10.67859,,8.85149,,9.63292,,,,,,,,,
Central African Republic,CAF,"Government expenditure on education, total (% of GDP)",SE.XPD.TOTL.GD.ZS,,,,,,,,,,,,,,,,,,,3.170530081,,,,,,,,2.207750082,2.548049927,,,2.244199991,2.276309967,,,,,,,,1.690019965,1.61265,,1.51957,1.5398,1.62453,1.65222,1.41506,1.31332,1.29001,1.30355,1.20455,1.22862,,,,,,,
Canada,CAN,"Government expenditure on education, total (% of GDP)",SE.XPD.TOTL.GD.ZS,,,,,,,,,,,,7.710189819,7.615409851,7.037499905,6.689630032,6.442949772,6.720990181,6.733530045,7.097670078,6.714749813,6.484670162,6.43061018,6.519139767,6.880430222,6.644040108,6.212870121,6.04418993,6.32446003,6.176149845,6.098320007,5.991990089,6.884300232,6.770939827,7.704259872,6.680019855,6.324450016,,,5.51196003,5.549940109,5.44201,4.96958,5.01073,,,4.78215,,4.78036,4.63826,4.85264,5.36993,5.27444,,,,,,,
Central Europe and the Baltics,CEB,"Government expenditure on education, total (% of GDP)",SE.XPD.TOTL.GD.ZS,,,,,,,,,,,,,,,,,,,,,,,,,,,,,,,,,,,,,,,,,,,,,,,,,,,,,,,,,,,
Switzerland,CHE,"Government expenditure on education, total (% of GDP)",SE.XPD.TOTL.GD.ZS,,,,,,,,,,,,,,,,,,,,,4.360300064,4.322100163,4.390319824,4.497429848,4.353189945,4.29914999,4.335649967,4.29061985,4.356999874,4.266739845,4.522940159,4.680630207,,5.092060089,5.055300236,5.059430122,5.071919918,,4.887020111,4.890230179,4.7814,4.95981,5.31429,5.52376,5.44573,5.2041,4.96158,4.68738,4.86799,5.04118,4.92605,4.96986,5.03337,5.04048,5.05123,5.10057,5.11332,,
Channel Islands,CHI,"Government expenditure on education, total (% of GDP)",SE.XPD.TOTL.GD.ZS,,,,,,,,,,,,,,,,,,,,,,,,,,,,,,,,,,,,,,,,,,,,,,,,,,,,,,,,,,,
Chile,CHL,"Government expenditure on education, total (% of GDP)",SE.XPD.TOTL.GD.ZS,,,,,,,,,,,,,,,3.751209974,3.5947299,,,3.070450068,3.4823699,4.21999979,4.914299965,,,,,,2.82329011,,,2.250159979,,,2.383719921,2.511820078,2.564699888,2.796250105,3.012459993,3.340150118,3.729219913,3.77583,,4.08121,3.96346,3.53839,3.26283,3.02153,3.21379,3.79243,4.23065,4.16209,4.04519,,4.52943,4.73018,4.8737,5.35064,5.41582,
China,CHN,"Government expenditure on education, total (% of GDP)",SE.XPD.TOTL.GD.ZS,,,,,,,,,,,,1.388739944,1.604760051,1.650820017,1.761150002,1.708500028,1.816570044,1.749539971,1.958840013,2.14805007,1.911900043,1.948809981,2.034480095,2.076920033,1.998630047,2.008140087,2.061549902,1.804250002,1.764179945,,,,1.65455997,1.657850027,1.985710025,1.841920018,1.853389978,,1.844329953,1.888039947,,,,,,,,,,,,,,,,,,,
Cote d'Ivoire,CIV,"Government expenditure on education, total (% of GDP)",SE.XPD.TOTL.GD.ZS,,,,,,,,,,,5.865389824,,7.531859875,7.045609951,5.69039011,6.785739899,6.462120056,,6.753670216,8.231389999,6.859759808,,,,,,,,,,,,6.781139851,6.50304985,4.78869009,4.301449776,4.056230068,4.030889988,3.787940025,4.094329834,3.70367,3.66868,4.09033,3.96799,4.12786,4.10575,4.0015,4.25833,4.34126,4.41246,4.55346,4.13755,4.65411,4.729,4.57743,4.82988,5.39423,5.14353,
Cameroon,CMR,"Government expenditure on education, total (% of GDP)",SE.XPD.TOTL.GD.ZS,,,,,,,,,,,,3.079869986,3.363889933,,,,,,,,,,2.984970093,3.496890068,3.246370077,,2.848340034,2.93091011,2.714730024,2.648960114,3.287100077,3.220230103,2.750999928,,,,,,,,1.77992,2.42418,,3.09142,3.01364,2.88717,2.74145,3.07523,2.61118,3.10942,2.99366,2.76677,2.69718,2.76802,2.68713,2.76805,2.65423,3.06699,
"Congo, Dem. Rep.",COD,"Government expenditure on education, total (% of GDP)",SE.XPD.TOTL.GD.ZS,,,,,,,,,,,,,,,,,,,,,2.267309904,2.535049915,2.799819946,1.29945004,0.704140007,0.825699985,0.722500026,0.861199975,0.814840019,,,,,,,,,,,,,,,,,,,,,,1.52498,,,2.06221,1.95143,2.17044,2.11869,1.46951,
"Congo, Rep.",COG,"Government expenditure on education, total (% of GDP)",SE.XPD.TOTL.GD.ZS,,,,,,,,,,,5.732299805,5.55095005,,5.23845005,,7.743020058,,,8.413310051,7.03813982,6.359240055,,,,,,,,,,,,,,6.373119831,4.910339832,,,4.068270206,,,,3.20832,2.83616,2.28813,1.83577,,,,,6.22079,,,,4.0172,4.56147,,,
Colombia,COL,"Government expenditure on education, total (% of GDP)",SE.XPD.TOTL.GD.ZS,,,,,,,,,,,,,,,,,,,,1.754340053,1.729120016,2.597239971,,,3.004290104,2.715270042,,,,2.705250025,,,,,,,,,3.926440001,4.44080019,3.51121,3.70868,4.26813,4.32514,4.07935,4.03313,3.92714,4.09244,3.94654,4.77454,4.84159,4.47262,4.37448,4.88174,4.62946,4.47039,4.47672,4.49839,
Comoros,COM,"Government expenditure on education, total (% of GDP)",SE.XPD.TOTL.GD.ZS,,,,,,,,,,,,,,,,,,,,,,,,,,,,,,,,,,,,,,,2.201359987,,,,2.25842,,,,,,4.42265,,,2.83045,2.74784,2.38276,2.74473,2.48708,,,
Cabo Verde,CPV,"Government expenditure on education, total (% of GDP)",SE.XPD.TOTL.GD.ZS,,,,,,,,,,,,,,,,,,,,,,,,,,,,,,,,,,,,,,,6.391769886,6.801680088,,,7.87682,,7.47664,,6.5296,5.40755,5.518,5.30896,5.56729,5.04361,,5.00144,4.96387,5.26691,5.28879,5.17322,
Costa Rica,CRI,"Government expenditure on education, total (% of GDP)",SE.XPD.TOTL.GD.ZS,,,,,,,,,,,,,,,,,,,,,7.347169876,,4.885069847,4.957779884,,,4.420269966,,4.013229847,4.077849865,,,,,,3.371680021,3.910860062,,,5.416870117,4.68696,4.8511,5.17354,5.15636,4.91218,,4.63918,4.6589,4.91712,6.04635,6.63445,6.45535,6.68984,6.84934,6.86952,7.08254,7.09768,7.4026,
Caribbean small states,CSS,"Government expenditure on education, total (% of GDP)",SE.XPD.TOTL.GD.ZS,,,,,,,,,,,,,,,,,,,,,,,,,,,,,,,,,,,,,,,,,,,,,,,,,,,,,,,,,,,
Cuba,CUB,"Government expenditure on education, total (% of GDP)",SE.XPD.TOTL.GD.ZS,,,,,,,,,,,,,,,,,,,,,8.36909008,,,,,,,,,,,7.14496994,,7.074769974,5.619480133,,,,6.208730221,6.755239964,7.70481,8.35809,9.57117,9.94086,10.26823,10.55778,9.05717,11.86821,14.05908,13.12486,12.83731,,,,,,,,
Curacao,CUW,"Government expenditure on education, total (% of GDP)",SE.XPD.TOTL.GD.ZS,,,,,,,,,,,,,,,,,,,,,,,,,,,,,,,,,,,,,,,,,,,,,,,,,,,,,,4.93095,,,,,
Cayman Islands,CYM,"Government expenditure on education, total (% of GDP)",SE.XPD.TOTL.GD.ZS,,,,,,,,,,,,,,,,,,,,,,,,,,,,,,,,,,,,,,,,,,,,,,2.34618,2.60739,,,,,,,,,,,,
Cyprus,CYP,"Government expenditure on education, total (% of GDP)",SE.XPD.TOTL.GD.ZS,,,,,,,,,,,,,,,,4.335020065,3.819700003,3.385489941,3.312340021,3.353130102,3.426009893,3.791320086,3.731780052,,3.601910114,3.586960077,3.488970041,3.448709965,3.375469923,3.376270056,3.339240074,3.5753901,3.780299902,4.09555006,4.159969807,3.741230011,,,,4.772079945,4.98954,5.11552,5.58167,6.67023,6.11772,6.28667,6.33027,6.28083,6.72396,7.20621,6.58025,6.56242,,6.43177,6.37474,6.3753,,,
Czech Republic,CZE,"Government expenditure on education, total (% of GDP)",SE.XPD.TOTL.GD.ZS,,,,,,,,,,,,,,,,,,,,,,,,,,,,,,,,,3.775079966,4.184519768,4.678850174,4.545629978,4.270390034,,3.597199917,3.684809923,3.65089,3.74855,3.97256,4.13643,4.01424,3.89038,4.2171,3.86663,3.74455,4.17128,4.06446,4.27214,4.25086,4.09089,3.99462,5.78885,5.58738,,
Germany,DEU,"Government expenditure on education, total (% of GDP)",SE.XPD.TOTL.GD.ZS,,,,,,,,,,,,,,,,,,,,,,,,,,,,,,,,,,4.41381979,4.334879875,4.420790195,4.48319006,,4.453450203,,,,,,,,4.2793,4.34303,4.40954,4.88048,4.91368,4.8078,4.93331,4.93497,4.92086,4.80518,4.80093,,
Djibouti,DJI,"Government expenditure on education, total (% of GDP)",SE.XPD.TOTL.GD.ZS,,,,,,,,,,,,,,,,,,,,,,,,,,,,,,,,,,,,,,,,7.629479885,9.66,7.80543,8.4476,8.88985,9.26467,8.36589,8.27878,8.40625,,,4.49022,,,,,,,,
Dominica,DMA,"Government expenditure on education, total (% of GDP)",SE.XPD.TOTL.GD.ZS,,,,,,,,,,,,,,,,,,,,,,,,,,,,,,4.28990984,,,,,,,,,5.739860058,4.028580189,,,,,,,,,,,,,,,,3.38688,,,
Denmark,DNK,"Government expenditure on education, total (% of GDP)",SE.XPD.TOTL.GD.ZS,,,,,,,,,,,5.955520153,6.39357996,6.481299877,6.26609993,6.581530094,6.713129997,,5.672130108,5.753479958,5.586480141,5.910920143,,,,,,5.83825016,6.078080177,6.335330009,5.838140011,,5.596759796,,7.772819996,7.471059799,7.471030235,7.884940147,,8.106739998,7.931159973,8.08433,8.21545,8.21303,8.12194,8.20763,8.08557,7.72991,7.6156,7.47605,8.44888,8.55955,8.48486,7.23782,8.49443,7.63485,,,,
Dominican Republic,DOM,"Government expenditure on education, total (% of GDP)",SE.XPD.TOTL.GD.ZS,,,,,,,,,,,2.640789986,,,,,,,,,,,,1.538910031,1.463829994,1.334550023,1.210190058,,,,,,,,0.773949981,0.893369973,1.033300042,1.22724998,,,,1.88829,1.96783,1.91401,1.84465,,,,2.04679,,,,,,,,,,,
Algeria,DZA,"Government expenditure on education, total (% of GDP)",SE.XPD.TOTL.GD.ZS,,,,,,,,,,,,,,,,,,,,7.182010174,6.597420216,,,,,,,,,,,,,,,,,,,,,,,,,,,,4.33702,,,,,,,,,,
East Asia & Pacific (excluding high income),EAP,"Government expenditure on education, total (% of GDP)",SE.XPD.TOTL.GD.ZS,,,,,,,,,,,,,,,,,,,,,,,,,,,,,,,,,,,,,,,,,,,,,,,,,,,,,,,,,,,
Early-demographic dividend,EAR,"Government expenditure on education, total (% of GDP)",SE.XPD.TOTL.GD.ZS,,,,,,,,,,,,,,,,,,,,,,,,,,,,,,,,,,,,,,,,,,,,,,,,,,,,,,,,,,,
East Asia & Pacific,EAS,"Government expenditure on education, total (% of GDP)",SE.XPD.TOTL.GD.ZS,,,,,,,,,,,,,,,,,,,,,,,,,,,,,,,,,,,,,,,,,,,,,,,,,,,,,,,,,,,
Europe & Central Asia (excluding high income),ECA,"Government expenditure on education, total (% of GDP)",SE.XPD.TOTL.GD.ZS,,,,,,,,,,,,,,,,,,,,,,,,,,,,,,,,,,,,,,,,,,,,,,,,,,,,,,,,,,,
Europe & Central Asia,ECS,"Government expenditure on education, total (% of GDP)",SE.XPD.TOTL.GD.ZS,,,,,,,,,,,,,,,,,,,,,,,,,,,,,,,,,,,,,,,,,,,,,,,,,,,,,,,,,,,
Ecuador,ECU,"Government expenditure on education, total (% of GDP)",SE.XPD.TOTL.GD.ZS,,,,,,,,,,,2.002830029,1.879400015,,,,,,2.418839931,,,,,,,4.203420162,5.2333498,6.87237978,,,,,,,,,1.997640014,,,2.195369959,1.547340035,1.15093,,,,,,,,,4.34242,4.50743,4.72689,4.64307,5.00464,5.26099,4.9987,,,
"Egypt, Arab Rep.",EGY,"Government expenditure on education, total (% of GDP)",SE.XPD.TOTL.GD.ZS,,,,,,,,,,,,4.529920101,4.537899971,,5.226669788,4.892429829,4.943429947,4.549580097,4.941120148,,4.280320168,,5.608300209,5.221489906,,,,,4.525219917,4.600059986,,,4.050670147,4.197700024,4.583759785,4.604000092,4.671569824,,,,,,,4.94563,4.67072,4.79443,4.00178,3.68461,3.76083,,,,,,,,,,
Euro area,EMU,"Government expenditure on education, total (% of GDP)",SE.XPD.TOTL.GD.ZS,,,,,,,,,,,,,,,,,,,,,,,,,,,,,,,,,,,,,,,,,,,,,,,,,,,,,,,,,,,
Eritrea,ERI,"Government expenditure on education, total (% of GDP)",SE.XPD.TOTL.GD.ZS,,,,,,,,,,,,,,,,,,,,,,,,,,,,,,,,,,,,,1.518079996,,4.256400108,4.568029881,,4.04716,3.5239,,3.14897,,2.127,,,,,,,,,,,,
Spain,ESP,"Government expenditure on education, total (% of GDP)",SE.XPD.TOTL.GD.ZS,,,,,,,,,,,1.838000059,1.894430041,2.070270061,,1.463529944,,1.904569983,2.082829952,2.236799955,2.344419956,,,,,,,,3.136699915,3.337369919,3.561450005,3.643490076,3.752540112,3.847609997,4.256450176,4.496890068,4.44671011,4.468520164,,4.302959919,4.27052021,4.17637,4.11988,4.13603,4.16717,4.14829,4.13003,4.16759,4.23332,4.50094,4.86771,4.81912,4.86633,4.43188,4.32834,4.2799,4.27239,4.20911,,
Estonia,EST,"Government expenditure on education, total (% of GDP)",SE.XPD.TOTL.GD.ZS,,,,,,,,,,,,,,,,,,,,,,,,,,,,,,,,,,,,6.073050022,6.105840206,6.448190212,6.298600197,6.68735981,5.34021,5.23648,5.46868,5.29463,4.91181,4.84486,,4.66396,5.51751,5.95415,5.527,5.01738,4.71293,4.83838,5.39886,5.13904,5.17316,,
Ethiopia,ETH,"Government expenditure on education, total (% of GDP)",SE.XPD.TOTL.GD.ZS,,,,,,,,,,,,,,,,,,,,,,,2.112349987,2.302059889,2.112030029,2.337569952,2.137949944,,,,,,,2.3542099,,,2.774620056,2.757940054,,,3.98311,3.70029,3.63245,,,,5.49096,5.45113,5.4082,4.42207,4.49659,5.48576,5.56678,4.49855,4.60202,4.73792,,,
European Union,EUU,"Government expenditure on education, total (% of GDP)",SE.XPD.TOTL.GD.ZS,,,,,,,,,,,,,,,,,,,,,,,,,,,,,,,,,,,,,,,,,,,,,,,,,,,,,,,,,,,
Fragile and conflict affected situations,FCS,"Government expenditure on education, total (% of GDP)",SE.XPD.TOTL.GD.ZS,,,,,,,,,,,,,,,,,,,,,,,,,,,,,,,,,,,,,,,,,,,,,,,,,,,,,,,,,,,
Finland,FIN,"Government expenditure on education, total (% of GDP)",SE.XPD.TOTL.GD.ZS,,,,,,,,,,,5.409470081,5.327420235,5.004469872,5.089600086,4.478990078,5.029500008,5.224450111,,,4.79335022,4.822169781,4.829939842,4.776159763,4.851749897,4.695580006,5.041959763,5.096580029,5.198130131,5.064909935,5.070360184,5.335909843,6.332890034,6.515120029,7.483670235,6.855629921,6.809420109,6.8605299,,,5.869609833,5.71688,5.84797,6.02478,6.17477,6.1685,6.03606,5.9381,5.68609,5.84677,6.48518,6.54071,6.48201,7.19254,7.15848,7.15156,7.08008,6.89735,,
Fiji,FJI,"Government expenditure on education, total (% of GDP)",SE.XPD.TOTL.GD.ZS,,,,,,,,,,,,,,,,,,,,5.197609901,,5.820109844,,6.486690044,,,,,,4.831099987,,,,,,,,,5.512619972,5.153510094,5.85725,5.61714,6.24382,,6.16493,5.12197,5.60714,5.84843,4.25357,4.49848,,4.17306,,3.88289,,,,,
France,FRA,"Government expenditure on education, total (% of GDP)",SE.XPD.TOTL.GD.ZS,,,,,,,,,,,3.429739952,3.174210072,3.359179974,3.23003006,4.242040157,4.42854023,4.424709797,4.435210228,4.345119953,4.281159878,4.307690144,4.730720043,4.8520298,4.852340221,4.867539883,4.851570129,4.707950115,4.623439789,4.544720173,4.456399918,4.513939857,4.841300011,4.735390186,5.429590225,5.626430035,5.79073,5.756720066,,5.687920094,5.674139977,5.5418,5.43968,5.43107,5.74671,5.65932,5.51873,5.45718,5.45728,5.45351,5.74618,5.69251,5.5183,5.45642,5.50028,5.51206,5.46424,5.43259,,
Faroe Islands,FRO,"Government expenditure on education, total (% of GDP)",SE.XPD.TOTL.GD.ZS,,,,,,,,,,,,,,,,,,,,,,,,,,,,,,,,,,,,,,,,,,,,,,,,,,,,,,,,,,,
"Micronesia, Fed. Sts.",FSM,"Government expenditure on education, total (% of GDP)",SE.XPD.TOTL.GD.ZS,,,,,,,,,,,,,,,,,,,,,,,,,,,,,,,,,,,,,,,,6.409770012,6.70818,,,,,,,,,,,,,,,12.4595,,,
Gabon,GAB,"Government expenditure on education, total (% of GDP)",SE.XPD.TOTL.GD.ZS,,,,,,,,,,,,,,,,,,,,,,,,,,,,,,,,,2.805520058,,,,,,3.419660091,3.081229925,3.82709,,,,,,,,,,3.07809,2.98746,3.0134,3.02971,2.66667,,,,
United Kingdom,GBR,"Government expenditure on education, total (% of GDP)",SE.XPD.TOTL.GD.ZS,,,,,,,,,,,,5.032050133,5.159379959,5.448609829,5.390999794,6.268780231,6.424220085,6.063350201,,,5.070119858,5.2884202,5.188700199,5.061500072,4.899059772,4.594089985,4.380839825,4.371809959,4.26831007,4.125110149,4.055520058,4.122479916,4.334489822,,4.850830078,4.839260101,4.407839775,,4.22991991,4.025410175,4.07179,4.14389,4.69248,4.84832,4.77278,4.97698,5.02086,4.9534,4.93553,5.13067,5.77046,5.6462,,5.58823,5.66499,5.60939,5.48697,,
Georgia,GEO,"Government expenditure on education, total (% of GDP)",SE.XPD.TOTL.GD.ZS,,,,,,,,,,,,,,,,,,,,,,,,,,,,,,,,,,,6.915659904,,,,2.108880043,2.15512991,2.18107,2.1375,2.23501,2.0656,2.9142,2.48431,3.00364,2.69687,2.91956,3.22239,,2.69622,1.98331,,,,3.78477,3.84973,
Ghana,GHA,"Government expenditure on education, total (% of GDP)",SE.XPD.TOTL.GD.ZS,,,,,,,,,,,,4.224440098,4.621399879,,3.802710056,4.876540184,5.828829765,6.09528017,,2.311350107,2.707770109,1.808120012,1.904539943,,,,3.354480028,3.306699991,3.187419891,,,,,,,,,,,4.110370159,,5.35444,,,7.53558,7.42208,5.25983,5.51987,5.75796,5.31744,5.5406,8.14097,7.91914,4.6071,4.49182,4.51089,4.48683,3.61798,
Gibraltar,GIB,"Government expenditure on education, total (% of GDP)",SE.XPD.TOTL.GD.ZS,,,,,,,,,,,,,,,,,,,,,,,,,,,,,,,,,,,,,,,,,,,,,,,,,,,,,,,,,,,
Guinea,GIN,"Government expenditure on education, total (% of GDP)",SE.XPD.TOTL.GD.ZS,,,,,,,,,,,,,,,,,,,,,,,,,,,,,,,,2.016390085,2.00632,2.088439941,,,,,,2.361419916,2.5934,2.08191,2.59387,2.37102,2.21,1.84906,,,1.58112,2.20725,2.55119,2.28742,1.83371,2.63421,2.42281,2.51714,2.518,2.21697,
"Gambia, The",GMB,"Government expenditure on education, total (% of GDP)",SE.XPD.TOTL.GD.ZS,,,,,,,,,,,,,,,,,,,,,,,,,,4.295149803,3.484730005,,,2.974090099,2.825839996,3.780610085,1.169839978,,,2.553560019,2.566279888,,,1.565129995,1.46587,1.1581,1.44292,1.36338,1.0345,1.13919,1.20949,1.30849,3.52738,3.07235,4.1561,3.92511,4.10118,1.82979,2.17849,,2.05946,,
Guinea-Bissau,GNB,"Government expenditure on education, total (% of GDP)",SE.XPD.TOTL.GD.ZS,,,,,,,,,,,,,,,,,,,,,,,,,,,,,,,,,,,,,,,,5.246170044,,,,,,,,,,,1.86082,1.85786,2.00106,2.13249,,,,,
Equatorial Guinea,GNQ,"Government expenditure on education, total (% of GDP)",SE.XPD.TOTL.GD.ZS,,,,,,,,,,,,,,,,,,,,,,,,,,,,,,,,,,,,,,,2.187979937,,,,,,,,,,,,,,,,,,,,
Greece,GRC,"Government expenditure on education, total (% of GDP)",SE.XPD.TOTL.GD.ZS,,,,,,,,,,,1.546499968,1.302459955,,1.112619996,1.336089969,1.46085,1.448250055,1.493729949,1.685700059,,,1.692800045,1.686840057,1.688680053,1.810029984,,1.83336997,1.834210038,1.868939996,2.015460014,2.046080112,1.934329987,,,,,,,2.892560005,3.027729988,3.23019,3.36458,3.42431,3.42934,3.66719,3.96396,,,,,,,,,,,,,
Grenada,GRD,"Government expenditure on education, total (% of GDP)",SE.XPD.TOTL.GD.ZS,,,,,,,,,,,,,,,,,,,,,,,,,,,,,,,,,,,,,,,,,,,,3.92674,,,,,,,,,,,,,10.24036,3.17043,
Greenland,GRL,"Government expenditure on education, total (% of GDP)",SE.XPD.TOTL.GD.ZS,,,,,,,,,,,,,,,,,,,,,,,,,,,,,,,,,,,,,,,,,,,,,,,,,,,,,,,,,,,
Guatemala,GTM,"Government expenditure on education, total (% of GDP)",SE.XPD.TOTL.GD.ZS,,,,,,,,,,,1.858719945,2.025540113,,,,,1.62729001,,,,,,,,,,,,,,,,,1.665750027,1.43998003,1.604799986,1.563699961,,,,,,,,,,2.98401,3.03874,3.18454,,2.80306,2.92014,2.95786,2.84226,2.94139,2.95518,2.83281,2.79538,
Guam,GUM,"Government expenditure on education, total (% of GDP)",SE.XPD.TOTL.GD.ZS,,,,,,,,,,,,,,,,,,,,,,,,,,,,,,,,,,,,,,,,,,,,,,,,,,,,,,,,,,,
Guyana,GUY,"Government expenditure on education, total (% of GDP)",SE.XPD.TOTL.GD.ZS,,,,,,,,,,,4.328979969,,,,,,,7.088729858,,9.377869606,,,,8.253470421,7.227479935,,,,,,,,,,3.724450111,3.609339952,,,,8.561059952,8.48415,8.3973,8.36554,6.9559,5.51294,8.13973,5.08925,3.75262,,3.30274,3.63855,3.59204,3.18242,,5.84796,5.21483,6.061,6.34497,
High income,HIC,"Government expenditure on education, total (% of GDP)",SE.XPD.TOTL.GD.ZS,,,,,,,,,,,,,,,,,,,,,,,,,,,,,,,,,,,,,,,,,,,,,,,,,,,,,,,,,,,
"Hong Kong SAR, China",HKG,"Government expenditure on education, total (% of GDP)",SE.XPD.TOTL.GD.ZS,,,,,,,,,,,,2.368149996,2.295609951,2.183370113,2.360290051,2.449199915,2.4333601,2.21923995,2.322550058,,2.192140102,2.271729946,1.669829965,2.57859993,2.581690073,2.558969975,,,,,2.466089964,,2.828200102,,,,2.728310108,,,,,3.9037,4.01554,4.2853,4.55896,4.13463,3.84279,3.45455,3.26063,4.39213,3.51003,3.41822,3.50961,3.76032,3.57255,3.26212,3.29265,3.30965,3.32452
Honduras,HND,"Government expenditure on education, total (% of GDP)",SE.XPD.TOTL.GD.ZS,,,,,,,,,,,,,,,,,,,2.019049883,2.012989998,1.936360002,,,,,,,,,,,,,,2.512639999,2.617449999,,,,,,,,,,,,,,,,,,5.87493,7.09012,6.41297,6.30177,5.95605,
Heavily indebted poor countries (HIPC),HPC,"Government expenditure on education, total (% of GDP)",SE.XPD.TOTL.GD.ZS,,,,,,,,,,,,,,,,,,,,,,,,,,,,,,,,,,,,,,,,,,,,,,,,,,,,,,,,,,,
Croatia,HRV,"Government expenditure on education, total (% of GDP)",SE.XPD.TOTL.GD.ZS,,,,,,,,,,,,,,,,,,,,,,,,,,,,,,,,,,,,,,,,,,,3.81228,3.86653,3.82557,,,3.96922,4.26934,4.38394,4.23793,4.1471,,4.55695,,,,,
Haiti,HTI,"Government expenditure on education, total (% of GDP)",SE.XPD.TOTL.GD.ZS,,,,,,,,,,,,,,,,,,,,,,1.393740058,1.079540014,1.022210002,0.986190021,0.969290018,,,,,,1.073989987,,,,,,,,,,,,,,,,,,,,,,,,3.15723,2.44959,,
Hungary,HUN,"Government expenditure on education, total (% of GDP)",SE.XPD.TOTL.GD.ZS,,,,,,,,,,,,,,,,,,,,,,,,,,,,,,,,5.880249977,6.080450058,5.920450211,5.835740089,4.848199844,4.33465004,,4.402890205,4.558040142,4.85891,4.92448,5.17097,5.7896,5.33039,5.32835,5.30903,5.14728,4.97793,4.96436,4.76895,4.60079,4.17353,4.20357,4.63313,4.5721,4.71078,,
IBRD only,IBD,"Government expenditure on education, total (% of GDP)",SE.XPD.TOTL.GD.ZS,,,,,,,,,,,,,,,,,,,,,,,,,,,,,,,,,,,,,,,,,,,,,,,,,,,,,,,,,,,
IDA & IBRD total,IBT,"Government expenditure on education, total (% of GDP)",SE.XPD.TOTL.GD.ZS,,,,,,,,,,,,,,,,,,,,,,,,,,,,,,,,,,,,,,,,,,,,,,,,,,,,,,,,,,,
IDA total,IDA,"Government expenditure on education, total (% of GDP)",SE.XPD.TOTL.GD.ZS,,,,,,,,,,,,,,,,,,,,,,,,,,,,,,,,,,,,,,,,,,,,,,,,,,,,,,,,,,,
IDA blend,IDB,"Government expenditure on education, total (% of GDP)",SE.XPD.TOTL.GD.ZS,,,,,,,,,,,,,,,,,,,,,,,,,,,,,,,,,,,,,,,,,,,,,,,,,,,,,,,,,,,
Indonesia,IDN,"Government expenditure on education, total (% of GDP)",SE.XPD.TOTL.GD.ZS,,,,,,,,,,,,,2.788209915,,,,,,,,,,,,,,,,,0.871410012,,,,,0.998549998,1.004349947,1.078549981,1.072080016,,,,2.46003,2.64569,3.218,2.74847,2.87282,,3.04425,2.9019,3.52513,2.81228,3.18944,3.40748,3.35904,3.28801,3.5836,,,
IDA only,IDX,"Government expenditure on education, total (% of GDP)",SE.XPD.TOTL.GD.ZS,,,,,,,,,,,,,,,,,,,,,,,,,,,,,,,,,,,,,,,,,,,,,,,,,,,,,,,,,,,
Isle of Man,IMN,"Government expenditure on education, total (% of GDP)",SE.XPD.TOTL.GD.ZS,,,,,,,,,,,,,,,,,,,,,,,,,,,,,,,,,,,,,,,,,,,,,,,,,,,,,,,,,,,
India,IND,"Government expenditure on education, total (% of GDP)",SE.XPD.TOTL.GD.ZS,,,,,,,,,,,,,,,,,,,,,,,,,,,,,,,,,,,,,,3.361360073,3.572560072,4.415390015,4.32479,,,3.61341,3.35254,3.18875,3.14285,,,3.27825,3.37769,3.79618,3.8675,3.84467,,,,,
Not classified,INX,"Government expenditure on education, total (% of GDP)",SE.XPD.TOTL.GD.ZS,,,,,,,,,,,,,,,,,,,,,,,,,,,,,,,,,,,,,,,,,,,,,,,,,,,,,,,,,,,
Ireland,IRL,"Government expenditure on education, total (% of GDP)",SE.XPD.TOTL.GD.ZS,,,,,,,,,,,,4.481040001,4.6113801,4.603050232,4.680419922,,4.291349888,5.079239845,5.06155014,5.281799793,5.315849781,5.725160122,5.383080006,5.440030098,5.275380135,5.242090225,5.2948699,5.522200108,5.010159969,4.707389832,4.595059872,4.776949883,4.999639988,5.10943985,5.182509899,4.865799904,4.748290062,,4.293129921,4.140850067,4.13662,4.09193,4.10618,4.20553,4.48631,4.52212,4.54547,4.71225,5.44452,6.13522,6.03844,5.84754,5.76242,5.32687,4.86953,3.76355,3.69856,,
"Iran, Islamic Rep.",IRN,"Government expenditure on education, total (% of GDP)",SE.XPD.TOTL.GD.ZS,,,,,,,,,,,,2.770339966,2.766720057,2.876679897,2.690340042,2.965569973,,5.416259766,,,,7.131400108,5.802050114,4.180530071,3.801609993,3.460190058,3.569910049,4.140920162,3.681299925,3.997210026,3.773910046,3.743530035,3.640460014,4.314620018,,4.081809998,3.537760019,,,4.22040987,4.03064,4.07168,4.48488,4.36322,4.29663,4.05651,4.28999,4.59681,3.91376,3.84245,3.70918,3.48497,3.16859,3.06795,2.80135,2.79739,3.36576,3.7904,3.95536
Iraq,IRQ,"Government expenditure on education, total (% of GDP)",SE.XPD.TOTL.GD.ZS,,,,,,,,,,,,,,,,,,3.857049942,,,2.423789978,,,,,,,,,3.551500082,,,,,,,,,,,,,,,,,,,,,,,,,,,,,
Iceland,ISL,"Government expenditure on education, total (% of GDP)",SE.XPD.TOTL.GD.ZS,,,,,,,,,,,,,,,,,,,,,,,,,,,,,,,4.322669983,,,5.218900204,4.827089787,4.852509975,5.286049843,,6.823979855,6.48074007,6.50242,6.7871,7.38668,7.31736,7.21466,7.40943,7.37107,7.05265,7.20186,7.30666,6.97848,6.81823,7.59636,7.49122,7.68856,7.53237,7.45988,,
Israel,ISR,"Government expenditure on education, total (% of GDP)",SE.XPD.TOTL.GD.ZS,,,,,,,,,,,,,,5.366809845,5.939889908,6.037930012,5.94423008,5.840300083,6.621099949,6.704730034,7.14989996,7.094830036,6.666250229,7.0144701,7.002830029,8.021670341,6.130410194,5.525589943,4.511000156,5.709640026,5.425059795,5.437660217,5.581960201,5.957870007,6.440680027,,,,6.652329922,6.419089794,6.1182,6.37935,6.46929,6.35459,5.94582,5.76243,5.76303,5.50995,5.54223,5.49584,5.54157,5.5616,5.69417,5.87925,5.78425,5.85445,5.8493,,
Italy,ITA,"Government expenditure on education, total (% of GDP)",SE.XPD.TOTL.GD.ZS,,,,,,,,,,,3.377949953,2.908360004,,,3.847830057,3.72390008,3.93249011,,3.792870045,4.177509785,,,,4.502920151,4.790369987,4.705329895,4.670300007,,4.607970238,,,,,4.749559879,4.447979927,4.332940102,4.459519863,,4.463469982,4.523359776,4.29886,4.66888,4.44711,4.5548,4.39717,4.24942,4.53777,4.11852,4.40287,4.53631,4.35239,4.14407,4.08391,4.16472,4.07525,4.08169,3.82943,,
Jamaica,JAM,"Government expenditure on education, total (% of GDP)",SE.XPD.TOTL.GD.ZS,,,,,,,,,,,,,,3.631439924,4.248970032,5.228789806,5.858329773,6.026519775,,,,,,,,5.391900063,4.603980064,,3.940860033,5.183979988,4.779160023,4.383069992,3.336659908,3.214030027,4.064189911,3.389080048,3.677730083,4.379539967,,,4.98347,5.38103,5.37523,4.25685,3.91255,4.61642,,5.49022,6.19132,6.19848,6.3706,6.26664,6.11246,6.25108,6.01654,5.45576,5.31548,5.26013,5.40731
Jordan,JOR,"Government expenditure on education, total (% of GDP)",SE.XPD.TOTL.GD.ZS,,,,,,,,,,,3.63003993,3.297689915,2.387429953,2.486939907,3.557689905,3.763479948,3.533930063,3.679899931,3.681169987,5.081729889,,5.167319775,5.089159966,4.927959919,5.936950207,,3.284379959,3.296570063,4.047570229,5.643869877,,,,,,,7.475989819,6.364510059,,4.944169998,,,,,,,,,,,,,,,,,3.89621,3.59959,
Japan,JPN,"Government expenditure on education, total (% of GDP)",SE.XPD.TOTL.GD.ZS,,,,,,,,,,,,3.656300068,4.011310101,4.042970181,4.040030003,4.668990135,4.850820065,4.840270042,4.894410133,5.057449818,5.068719864,5.064400196,5.046060085,4.824269772,,,,5.596519947,5.556049824,5.36714983,,,,3.429039955,3.635669947,3.465729952,,,3.356029987,3.433300018,3.51617,3.45707,3.46537,3.52369,3.48307,3.36862,3.32909,3.33094,3.31915,,3.6395,3.64258,3.69226,3.66538,3.59059,,,,
Kazakhstan,KAZ,"Government expenditure on education, total (% of GDP)",SE.XPD.TOTL.GD.ZS,,,,,,,,,,,,,,,,,,,,,,,,,,,,,,,,,,,,4.034450054,3.923710108,4.373429775,,3.892570019,3.25662,,3.0297,,2.25591,2.26353,2.62678,2.83139,2.58946,3.06072,,,,,,2.78858,2.9781,2.817,
Kenya,KEN,"Government expenditure on education, total (% of GDP)",SE.XPD.TOTL.GD.ZS,,,,,,,,,,,,3.929820061,4.476339817,4.650519848,5.065509796,5.60612011,5.744100094,5.136320114,,,5.387879848,5.923729897,5.678120136,5.438300133,4.580959797,5.199769974,6.013790131,,6.600550175,6.035719872,,6.570670128,6.075900078,6.029150009,5.924019814,,,,,5.323239803,5.18673,5.20621,6.172,6.49427,6.79693,7.33565,7.04984,,,,5.50822,5.33529,5.50904,5.41138,5.28021,5.27134,5.36267,5.23898,
Kyrgyz Republic,KGZ,"Government expenditure on education, total (% of GDP)",SE.XPD.TOTL.GD.ZS,,,,,,,,,,,,,,,,,,,,,,,,,,,,,,,,,,,5.588190079,6.156429768,4.902609825,,4.919630051,4.08521986,3.50837,3.85419,4.44546,4.47541,4.62244,4.87384,5.54986,6.467,5.91319,6.23268,5.81883,6.79062,7.38423,6.7802,5.5316,5.98551,6.58615,6.13628,
Cambodia,KHM,"Government expenditure on education, total (% of GDP)",SE.XPD.TOTL.GD.ZS,,,,,,,,,,,,,,,,,,,,,,,,,,,,,,,,,,,,,,,1.259070039,,1.65599,1.72222,1.71121,,1.71982,,,1.5993,,1.66568,1.53379,1.51069,1.5609,2.05054,1.90939,,,,
Kiribati,KIR,"Government expenditure on education, total (% of GDP)",SE.XPD.TOTL.GD.ZS,,,,,,,,,,,4.793129921,4.266429901,,,3.135109901,,,,,,,,,,,,,,,,,,,,,,,,,10.87100983,11.18587,11.98812,,,,,,,,,,,,,,,,,
St. Kitts and Nevis,KNA,"Government expenditure on education, total (% of GDP)",SE.XPD.TOTL.GD.ZS,,,,,,,,,,,,,,,,,,,,,,,,,,3.964979887,,2.641119957,,2.197969913,,1.998469949,2.303879976,,,2.576430082,,,4.020569801,3.322649956,4.61109,4.26531,3.79239,3.66258,3.80364,3.629,3.98012,3.99306,,,,,,,,2.60631,,,
"Korea, Rep.",KOR,"Government expenditure on education, total (% of GDP)",SE.XPD.TOTL.GD.ZS,,,,,,,,,,,3.416239977,3.744299889,3.226720095,2.686929941,,2.09691,2.765959978,2.437920094,,3.036020041,3.480969906,2.918960094,6.377319813,4.351880074,4.043159962,4.027120113,3.676840067,3.416150093,2.784009933,3.105400085,3.082449913,3.54189992,3.633840084,3.757879972,3.071409941,2.990600109,,,3.44994998,3.454440117,,,,,,,,,,,,,,,,,,,
Kuwait,KWT,"Government expenditure on education, total (% of GDP)",SE.XPD.TOTL.GD.ZS,,,,,,,,,,,,3.287339926,2.815749884,3.303689957,3.521600008,2.135540009,3.115080118,3.368669987,4.081850052,3.428560019,2.791019917,2.719140053,3.03350997,5.090270042,5.148880005,5.007619858,5.400839806,,,,,,14.19882965,,,,5.859539986,5.582509995,,,,6.586,6.5505,,5.53515,4.73825,3.76001,,,,,,,,,,,,
Latin America & Caribbean (excluding high income),LAC,"Government expenditure on education, total (% of GDP)",SE.XPD.TOTL.GD.ZS,,,,,,,,,,,,,,,,,,,,,,,,,,,,,,,,,,,,,,,,,,,,,,,,,,,,,,,,,,,
Lao PDR,LAO,"Government expenditure on education, total (% of GDP)",SE.XPD.TOTL.GD.ZS,,,,,,,,,,,,,,,,,,,,,,,,,,,,,,,,,2.334569931,,,,2.429749966,2.130199909,,,1.50369,1.99028,2.82522,,2.413,2.41409,2.95879,3.07842,2.27855,1.65485,1.70979,1.70802,1.82147,3.23381,2.93781,,,,
Lebanon,LBN,"Government expenditure on education, total (% of GDP)",SE.XPD.TOTL.GD.ZS,,,,,,,,,,,,,,,,,,,,,,,,,,,,,,,,,,1.66652,1.93125999,2.224630117,2.084670067,,,,,2.84148,2.55271,,2.64274,2.6471,2.77649,2.57878,2.00731,1.76184,1.61433,1.64639,2.14754,2.45537,,,,,
Liberia,LBR,"Government expenditure on education, total (% of GDP)",SE.XPD.TOTL.GD.ZS,,,,,,,,,,,,,,,,,,,,,,,,,,,,,,,,,,,,,,,,,,,,,,,,,1.70166,,,,1.77712,1.73466,2.2791,,,,
Libya,LBY,"Government expenditure on education, total (% of GDP)",SE.XPD.TOTL.GD.ZS,,,,,,,,,,,,,,,,,,,,,,,,,,,,,,,,,,,,,,,,2.264169931,,,,,,,,,,,,,,,,,,,
St. Lucia,LCA,"Government expenditure on education, total (% of GDP)",SE.XPD.TOTL.GD.ZS,,,,,,,,,,,,,,,,,,,,,,,5.269299984,,,,4.673429966,,,,,,,,7.317530155,,,,6.191870213,6.100719929,,6.38306,,3.95245,3.84337,4.73961,5.25354,,4.69025,3.43997,3.86524,3.86008,3.58932,4.31317,4.3956,4.47612,5.80423,,3.83341
Latin America & Caribbean,LCN,"Government expenditure on education, total (% of GDP)",SE.XPD.TOTL.GD.ZS,,,,,,,,,,,,,,,,,,,,,,,,,,,,,,,,,,,,,,,,,,,,,,,,,,,,,,,,,,,
Least developed countries: UN classification,LDC,"Government expenditure on education, total (% of GDP)",SE.XPD.TOTL.GD.ZS,,,,,,,,,,,,,,,,,,,,,,,,,,,,,,,,,,,,,,,,,,,,,,,,,,,,,,,,,,,
Low income,LIC,"Government expenditure on education, total (% of GDP)",SE.XPD.TOTL.GD.ZS,,,,,,,,,,,,,,,,,,,,,,,,,,,,,,,,,,,,,,,,,,,,,,,,,,,,,,,,,,,
Liechtenstein,LIE,"Government expenditure on education, total (% of GDP)",SE.XPD.TOTL.GD.ZS,,,,,,,,,,,,,,,,,,,,,,,,,,,,,,,,,,,,,,,,,,,,2.46014,2.43333,,2.05381,1.92119,2.04837,,,2.55604,,,,,,,
Sri Lanka,LKA,"Government expenditure on education, total (% of GDP)",SE.XPD.TOTL.GD.ZS,,,,,,,,,,,,,,3.316400051,,2.74454999,,,,2.567430019,2.704169989,2.442209959,2.558500051,2.39060998,2.165260077,2.576139927,2.805419922,2.644330025,2.826359987,2.755160093,2.410929918,2.915580034,,,3.108530045,2.957600117,3.343600035,,3.051419973,,,,,,,,,,,2.0559,1.71774,1.80861,1.49617,1.62107,1.93288,2.22875,3.47508,2.80152,
Lower middle income,LMC,"Government expenditure on education, total (% of GDP)",SE.XPD.TOTL.GD.ZS,,,,,,,,,,,,,,,,,,,,,,,,,,,,,,,,,,,,,,,,,,,,,,,,,,,,,,,,,,,
Low & middle income,LMY,"Government expenditure on education, total (% of GDP)",SE.XPD.TOTL.GD.ZS,,,,,,,,,,,,,,,,,,,,,,,,,,,,,,,,,,,,,,,,,,,,,,,,,,,,,,,,,,,
Lesotho,LSO,"Government expenditure on education, total (% of GDP)",SE.XPD.TOTL.GD.ZS,,,,,,,,,,,,4.641550064,4.526509762,4.866559982,4.234240055,,,,,,,,,10.09694004,6.428410053,7.088580132,,,7.216639996,6.202280045,,,,8.577030182,7.025430202,8.64097023,,11.36400986,,12.49934959,10.09155,9.36505,10.10045,13.21957,11.10901,12.07966,11.27128,,12.0835,,,,,,,,,,6.51166
Late-demographic dividend,LTE,"Government expenditure on education, total (% of GDP)",SE.XPD.TOTL.GD.ZS,,,,,,,,,,,,,,,,,,,,,,,,,,,,,,,,,,,,,,,,,,,,,,,,,,,,,,,,,,,
Lithuania,LTU,"Government expenditure on education, total (% of GDP)",SE.XPD.TOTL.GD.ZS,,,,,,,,,,,,,,,,,,,,,,,,,,,,,,,,,,,,4.764920235,4.843719959,5.449550152,6.116010189,,,5.84038,5.79253,5.10851,5.16916,4.87319,4.82055,4.59055,4.83454,5.57741,5.29903,5.12027,4.76683,4.61284,4.48818,4.21723,4.00847,,
Luxembourg,LUX,"Government expenditure on education, total (% of GDP)",SE.XPD.TOTL.GD.ZS,,,,,,,,,,,2.221940041,2.757839918,2.647480011,2.716589928,,3.306469917,3.491549969,3.568030119,4.191579819,4.252870083,4.397019863,4.52835989,5.095980167,3.206640005,,,3.660769939,3.944000006,3.877629995,3.740530014,,,,,,3.534490108,3.336110115,,,,,3.5558,,,,,,,,,,,4.09041,,4.00789,3.95519,,,
Latvia,LVA,"Government expenditure on education, total (% of GDP)",SE.XPD.TOTL.GD.ZS,,,,,,,,,,,,,,,,,,,,,,,,,,,,,,,,,,,,,5.262159824,5.514689922,5.800670147,5.539820194,5.28829,5.45489,5.60876,5.06729,4.85505,,4.71155,4.65622,5.40538,5.57353,5.08098,4.937,6.59439,6.98544,5.28294,5.33721,4.71957,,
"Macao SAR, China",MAC,"Government expenditure on education, total (% of GDP)",SE.XPD.TOTL.GD.ZS,,,,,,,,,,,,,,,,,,,,,,,,,,,,,,,,,,,,,,,3.377569914,3.36597991,3.34087,2.73402,2.862,2.79764,2.24564,2.29065,2.20639,2.05452,2.20792,2.54647,2.6295,2.68519,3.33736,2.04986,2.03206,2.9817,3.0831,2.71071,
St. Martin (French part),MAF,"Government expenditure on education, total (% of GDP)",SE.XPD.TOTL.GD.ZS,,,,,,,,,,,,,,,,,,,,,,,,,,,,,,,,,,,,,,,,,,,,,,,,,,,,,,,,,,,
Morocco,MAR,"Government expenditure on education, total (% of GDP)",SE.XPD.TOTL.GD.ZS,,,,,,,,,,,,,,4.671689987,4.275489807,5.212709904,6.027120113,6.084249973,6.20182991,6.315480232,5.104859829,5.689260006,6.122680187,6.174670219,5.190130234,5.102169991,5.259280205,5.162139893,4.577819824,4.757329941,4.510489941,4.303160191,,4.824969769,,4.734809875,,,5.115540028,5.140160084,,,,,,,,,5.34215,5.26064,,,,,,,,,
Monaco,MCO,"Government expenditure on education, total (% of GDP)",SE.XPD.TOTL.GD.ZS,,,,,,,,,,,,,,,,,,,,,,,,,,,,,0.902970016,0.979680002,,,0.930719972,,,1.085340023,1.102910042,1.235990047,1.231070042,1.213919997,1.27357,,,,1.26193,,,,,1.35432,1.31735,1.58989,1.78002,1.33441,1.02196,,1.37103,1.46121,
Moldova,MDA,"Government expenditure on education, total (% of GDP)",SE.XPD.TOTL.GD.ZS,,,,,,,,,,,,,,,,,,,,,,,,,,,,,,,,,,,,,9.896639824,,,4.662559986,4.48639,4.84685,5.49791,5.4249,6.77109,7.16273,7.49893,8.29343,8.23733,9.50976,9.11211,8.5597,8.34896,,7.46454,,6.66131,6.68377,
Madagascar,MDG,"Government expenditure on education, total (% of GDP)",SE.XPD.TOTL.GD.ZS,,,,,,,,,,,,,3.217370033,2.711149931,2.673759937,2.516680002,3.25500989,5.053949833,,3.97033,4.320250034,3.812779903,3.150619984,2.65447998,2.929330111,2.756180048,,,,,,,,2.140180111,,,,1.849640012,1.870650053,2.767549992,2.91135,3.25033,2.71621,3.03949,3.2643,3.84817,3.28253,3.36988,2.91041,3.17751,,2.78112,2.73217,2.08231,2.79384,,,,
Maldives,MDV,"Government expenditure on education, total (% of GDP)",SE.XPD.TOTL.GD.ZS,,,,,,,,,,,,,,,,,,,,,,,,,,,,,,,,,,,,,,,,,,,5.79186,5.32407,4.6616,5.01684,4.64524,4.41788,4.47029,5.77493,4.11747,3.5066,3.76038,3.80012,3.47046,4.36655,4.06728,,
Middle East & North Africa,MEA,"Government expenditure on education, total (% of GDP)",SE.XPD.TOTL.GD.ZS,,,,,,,,,,,,,,,,,,,,,,,,,,,,,,,,,,,,,,,,,,,,,,,,,,,,,,,,,,,
Mexico,MEX,"Government expenditure on education, total (% of GDP)",SE.XPD.TOTL.GD.ZS,,,,,,,,,,,,,,,,,,,,,,,,,,,,,,2.282010078,2.324980021,2.548000097,3.005019903,,3.647089958,3.692559958,,,3.365289927,3.535360098,3.99244,4.24104,4.45496,5.07258,4.72671,4.84569,4.69992,4.69051,4.82007,5.18794,5.15922,5.10565,5.1031,4.69605,5.26062,5.23524,4.91005,,
Marshall Islands,MHL,"Government expenditure on education, total (% of GDP)",SE.XPD.TOTL.GD.ZS,,,,,,,,,,,,,,,,,,,,,,,,,,,,,,,,,,,,,,,,14.53903961,,,8.66987,12.23999,,,,,,,,,,,,,,,
Middle income,MIC,"Government expenditure on education, total (% of GDP)",SE.XPD.TOTL.GD.ZS,,,,,,,,,,,,,,,,,,,,,,,,,,,,,,,,,,,,,,,,,,,,,,,,,,,,,,,,,,,
North Macedonia,MKD,"Government expenditure on education, total (% of GDP)",SE.XPD.TOTL.GD.ZS,,,,,,,,,,,,,,,,,,,,,,,,,,,,,,,,,4.733449936,4.630569935,4.52628994,4.271230221,4.303110123,,,,,,3.30015,,,,,,,,,,,,,,,,
Mali,MLI,"Government expenditure on education, total (% of GDP)",SE.XPD.TOTL.GD.ZS,,,,,,,,,,,,,,,,,,,3.559590101,,3.470659971,3.447940111,3.278850079,,,,2.435369968,,,,,,,,,,,,2.649590015,2.231839895,2.97156,2.65845,2.89623,3.8056,3.85922,3.52218,,,3.42028,3.87281,3.34389,3.75423,3.47949,3.2828,3.64819,3.80152,3.09604,,
Malta,MLT,"Government expenditure on education, total (% of GDP)",SE.XPD.TOTL.GD.ZS,,,,,,,,,,,,6.15196991,5.549990177,5.26970005,4.493100166,4.422210217,3.831890106,3.897609949,3.348829985,3.153640032,,2.865329981,2.854079962,3.314690113,3.078720093,3.248339891,3.105720043,3.16531992,3.338239908,3.58874011,3.831419945,3.920300007,4.314099789,,,,,,4.277430058,,,,3.94924,,4.46076,,,5.98135,5.57061,5.17037,6.45489,7.7932,6.52226,7.8786,7.2503,5.27713,,,
Myanmar,MMR,"Government expenditure on education, total (% of GDP)",SE.XPD.TOTL.GD.ZS,,,,,,,,,,,,,2.865099907,3.27380991,,1.987390041,1.726189971,1.637820005,1.643659949,,,,,,,,,,,,,,,,,1.202479959,,,,,,,,,,,,,,,,0.78744,,,,,,2.16463,
Middle East & North Africa (excluding high income),MNA,"Government expenditure on education, total (% of GDP)",SE.XPD.TOTL.GD.ZS,,,,,,,,,,,,,,,,,,,,,,,,,,,,,,,,,,,,,,,,,,,,,,,,,,,,,,,,,,,
Montenegro,MNE,"Government expenditure on education, total (% of GDP)",SE.XPD.TOTL.GD.ZS,,,,,,,,,,,,,,,,,,,,,,,,,,,,,,,,,,,,,,,,,,,,,,,,,,,,,,,,,,,
Mongolia,MNG,"Government expenditure on education, total (% of GDP)",SE.XPD.TOTL.GD.ZS,,,,,,,,,,,,,,,,,,,,,,,,,,,,,,,,,,,,,,3.948970079,5.493020058,5.145659924,5.55037,,7.21078,,4.32573,,,4.69013,,5.14485,4.6451,4.60903,5.19521,4.94077,4.71485,4.17699,5.18061,4.08578,
Northern Mariana Islands,MNP,"Government expenditure on education, total (% of GDP)",SE.XPD.TOTL.GD.ZS,,,,,,,,,,,,,,,,,,,,,,,,,,,,,,,,,,,,,,,,,,,,,,,,,,,,,,,,,,,
Mozambique,MOZ,"Government expenditure on education, total (% of GDP)",SE.XPD.TOTL.GD.ZS,,,,,,,,,,,,,,,,,,,,,,,,,,,,,,,,,,,,,,,2.051939964,3.131069899,,,,,3.71592,4.43013,4.27427,,,,,,6.07551,6.48009,,,,,
Mauritania,MRT,"Government expenditure on education, total (% of GDP)",SE.XPD.TOTL.GD.ZS,,,,,,,,,,,,,,,,,,,,,,,,,,,,,,,,,,,,,,2.343729973,,2.432889938,,2.8395,3.05538,3.10349,2.51687,,2.52458,,3.55225,,3.60428,3.05215,2.7758,2.93739,,,2.63107,,
Mauritius,MUS,"Government expenditure on education, total (% of GDP)",SE.XPD.TOTL.GD.ZS,,,,,,,,,,,,,,,,,,4.422319889,5.542679787,,,5.032839775,4.584519863,4.435100079,4.069719791,3.946510077,3.469000101,3.044569969,3.118350029,3.500960112,3.157079935,3.509890079,,,,,,,,3.93975997,3.81526,3.16975,3.11292,4.48438,4.472,4.20155,3.81811,3.1854,3.06307,3.04731,3.55147,3.33207,3.4182,3.61579,4.91695,4.88667,5.0136,5.02313,4.83201
Malawi,MWI,"Government expenditure on education, total (% of GDP)",SE.XPD.TOTL.GD.ZS,,,,,,,,,,,,4.404789925,3.383399963,3.33149004,3.087090015,2.703789949,2.422310114,,,,,,,,,,3.19866991,3.525079966,3.171439886,3.176350117,3.270539999,,,,,4.008850098,5.381259918,,,4.994909763,5.24797,4.50898,,3.21566,,,,,,,3.5398,4.15262,,5.41617,4.83984,5.60866,4.74857,4.03133,
Malaysia,MYS,"Government expenditure on education, total (% of GDP)",SE.XPD.TOTL.GD.ZS,,,,,,,,,,,,4.550940037,,,,,,,,5.087609768,5.72619009,6.696969986,7.03278017,,5.66629982,6.11111021,7.243360043,6.326000214,,,,,5.111460209,4.654660225,4.705309868,4.342569828,4.913869858,4.620379925,,5.686749935,5.97161,7.48447,7.65795,7.50288,5.92388,,4.48577,4.37254,3.95853,5.97418,4.96645,5.76294,5.73903,5.4812,5.21264,4.97274,4.82401,4.74071,
North America,NAC,"Government expenditure on education, total (% of GDP)",SE.XPD.TOTL.GD.ZS,,,,,,,,,,,,,,,,,,,,,,,,,,,,,,,,,,,,,,,,,,,,,,,,,,,,,,,,,,,
Namibia,NAM,"Government expenditure on education, total (% of GDP)",SE.XPD.TOTL.GD.ZS,,,,,,,,,,,,,,,,,,,,,,,,,,,,,,,,,,,,,,,,,,,,,,,,,,,,,,,,,,,
New Caledonia,NCL,"Government expenditure on education, total (% of GDP)",SE.XPD.TOTL.GD.ZS,,,,,,,,,,,,,,,,,,,,,,,,,,,,,,,,,,,,,,,,,,,,,,,,,,,,,,,,,,,
Niger,NER,"Government expenditure on education, total (% of GDP)",SE.XPD.TOTL.GD.ZS,,,,,,,,,,,,1.052270055,,,,,,,,,,,,,,,,,,,2.937069893,3.258059978,3.238929987,2.838900089,2.808619976,2.852149963,2.594980001,,,3.228630066,3.18947,2.86725,3.06366,2.40162,,,3.33406,4.02097,3.67932,4.54626,3.73334,4.20717,4.32764,4.91844,6.72771,6.01732,4.08372,3.54273,
Nigeria,NGA,"Government expenditure on education, total (% of GDP)",SE.XPD.TOTL.GD.ZS,,,,,,,,,,,,,,,3.210170031,3.063689947,,,,,,,,,,,,,,,,,,,,,,,,,,,,,,,,,,,,,,,,,,,
Nicaragua,NIC,"Government expenditure on education, total (% of GDP)",SE.XPD.TOTL.GD.ZS,,,,,,,,,,,2.038589954,2.492029905,,,,,,,,2.822779894,3.262409925,,3.792680025,,5.978899956,,,5.351749897,,,,,2.984970093,,,,,,2.225850105,2.923650026,3.0016,,2.39101,2.42201,,,,,,,4.48423,,,,4.08329,4.12553,4.11264,4.34879,
Netherlands,NLD,"Government expenditure on education, total (% of GDP)",SE.XPD.TOTL.GD.ZS,,,,,,,,,,,6.301579952,6.410009861,6.400179863,5.918479919,6.41779995,6.454030037,6.393889904,6.262430191,6.264369965,6.169069767,5.968979836,5.823699951,5.768630028,5.571899891,5.155910015,5.543630123,5.633440018,5.974170208,5.542190075,,5.296380043,5.228380203,,4.818099976,4.723529816,4.638070107,4.542439938,,4.598649979,4.557209969,4.6255,4.75077,4.87039,5.10149,5.11464,5.15879,5.09047,4.93376,5.09227,5.49579,5.48909,5.46304,5.41022,5.52656,5.4589,5.34816,5.4796,,
Norway,NOR,"Government expenditure on education, total (% of GDP)",SE.XPD.TOTL.GD.ZS,,,,,,,,,,,,,5.904059887,5.891719818,5.673659801,5.550220013,6.163599968,5.972809792,6.444349766,,5.780149937,5.543640137,5.678850174,5.646299839,5.429369926,5.255670071,5.539830208,5.788070202,5.865970135,6.299860001,6.310379982,6.373219967,6.63613987,7.676640034,7.830430031,7.695789814,7.138150215,7.30354023,7.360690117,6.966420174,6.46468,6.82941,7.44132,7.4198,7.30252,6.86868,6.38566,6.53203,6.28108,7.09544,6.74046,6.44743,7.36425,7.47476,7.68074,7.55247,7.9761,,
Nepal,NPL,"Government expenditure on education, total (% of GDP)",SE.XPD.TOTL.GD.ZS,,,,,,,,,,,,,,,,,,,,,,,,,,,,,,,,,,,,,,,2.892879963,2.89331007,2.97515,3.70838,3.15284,3.11435,3.17194,3.36464,3.60536,3.51721,3.80517,4.66376,3.63172,3.84262,3.76117,3.47465,3.99302,3.70359,4.44099,5.08265,5.16365
Nauru,NRU,"Government expenditure on education, total (% of GDP)",SE.XPD.TOTL.GD.ZS,,,,,,,,,,,,,,,,,,,,,,,,,,,,,,,,,,,,,,,,,,,18.16107,,,,,4.91103,,,,,,,,,,,
New Zealand,NZL,"Government expenditure on education, total (% of GDP)",SE.XPD.TOTL.GD.ZS,,,,,,,,,,,,,,4.630869865,4.665669918,5.120429993,5.398799896,4.445849895,4.512169838,4.50026989,4.249939919,4.486440182,4.499070168,,4.001719952,3.507770061,3.430310011,3.921050072,4.395090103,4.790939808,,,,,5.94329977,5.742189884,6.383719921,6.157279968,,6.636149883,,6.56055,6.40699,6.43753,6.51203,6.279,5.95283,5.91594,5.50635,6.28117,7.00241,6.93655,7.15268,6.70208,6.34647,6.33634,6.4278,,
OECD members,OED,"Government expenditure on education, total (% of GDP)",SE.XPD.TOTL.GD.ZS,,,,,,,,,,,,,,,,,,,,,,,,,,,,,,,,,,,,,,,,,,,,,,,,,,,,,,,,,,,
Oman,OMN,"Government expenditure on education, total (% of GDP)",SE.XPD.TOTL.GD.ZS,,,,,,,,,,,,,,,,,,,,,,,,,,,3.79282999,3.656260014,3.389889956,2.978240013,2.838920116,2.987940073,3.122580051,3.508219957,3.444489956,3.413259983,3.184520006,3.356800079,4.112339973,4.005949974,3.20024,4.02031,4.32507,3.89697,4.02838,3.51722,3.85934,,,4.18775,,,,4.97011,,,,6.84919,
Other small states,OSS,"Government expenditure on education, total (% of GDP)",SE.XPD.TOTL.GD.ZS,,,,,,,,,,,,,,,,,,,,,,,,,,,,,,,,,,,,,,,,,,,,,,,,,,,,,,,,,,,
Pakistan,PAK,"Government expenditure on education, total (% of GDP)",SE.XPD.TOTL.GD.ZS,,,,,,,,,,,,1.654289961,1.578259945,1.851250052,1.898059964,2.008559942,2.216350079,2.122370005,2.204180002,2.19701004,2.128829956,1.969519973,2.013669968,1.995769978,2.069849968,2.43543005,2.678129911,2.977459908,,2.363820076,2.51680994,2.566760063,2.559400082,2.398679972,2.605999947,2.816790104,2.810570002,3.022300005,,2.611490011,1.83782,,,,1.94841,2.25436,2.62638,2.63527,2.74623,2.59078,2.28687,2.22175,2.13628,2.49344,2.46593,2.65002,3.00292,2.89952,
Panama,PAN,"Government expenditure on education, total (% of GDP)",SE.XPD.TOTL.GD.ZS,,,,,,,,,,,4.043280125,3.353919983,3.982820034,3.48574996,3.8197999,4.154510021,4.312729836,4.280960083,3.605979919,3.642549992,3.535670042,3.431799889,3.41850996,3.550909996,3.468709946,3.521460056,3.34574008,3.870120049,,,,,,,3.470540047,3.947809935,4.09431982,3.847110033,,4.567230225,4.75969,4.10588,4.19164,4.1687,3.57866,,,,3.50229,,,3.15901,,,,,,,
Peru,PER,"Government expenditure on education, total (% of GDP)",SE.XPD.TOTL.GD.ZS,,,,,,,,,,,,,,3.391720057,,,,,,,,,,,,,,,,,,,,,,,3.118799925,,3.278179884,3.44133997,3.22803,3.03712,2.82057,2.9378,2.95787,2.83903,2.65281,2.6294,2.86775,3.13994,2.8673,2.6635,2.92276,3.2966,3.69064,3.9668,3.81827,3.92396,
Philippines,PHL,"Government expenditure on education, total (% of GDP)",SE.XPD.TOTL.GD.ZS,,,,,,,,,,,,,,,,,,,,,1.717730045,,2.074929953,1.686069965,,,1.726209998,,,,,,,,,3.042259932,3.362869978,3.517159939,3.81449008,,3.26766,3.02662,2.99708,3.0447,2.56797,2.42629,2.53381,2.59534,2.69298,2.65295,,,,,,,,,
Palau,PLW,"Government expenditure on education, total (% of GDP)",SE.XPD.TOTL.GD.ZS,,,,,,,,,,,,,,,,,,,,,,,,,,,,,,,,,,,,,,,,,8.10317,7.78048,7.57931,,,,,,,,,,,,,,,,
Papua New Guinea,PNG,"Government expenditure on education, total (% of GDP)",SE.XPD.TOTL.GD.ZS,,,,,,,,,,,,,5.247159958,,,,,7.389709949,,,,,,,,,,,,,,,,,,,,,,,,,,,,,,,,,,,,,,,,,
Poland,POL,"Government expenditure on education, total (% of GDP)",SE.XPD.TOTL.GD.ZS,,,,,,,,,,,,,,,,,,,,,,,,,,,,,,,,3.891449928,4.187930107,4.182759762,,4.335000038,6.266739845,,4.95043993,4.600289822,4.99362,5.32975,5.39797,5.33218,5.35574,5.42609,5.20573,4.86834,5.04044,4.9891,5.06843,4.82012,4.81181,4.94011,4.90918,4.81766,4.63931,,
Pre-demographic dividend,PRE,"Government expenditure on education, total (% of GDP)",SE.XPD.TOTL.GD.ZS,,,,,,,,,,,,,,,,,,,,,,,,,,,,,,,,,,,,,,,,,,,,,,,,,,,,,,,,,,,
Puerto Rico,PRI,"Government expenditure on education, total (% of GDP)",SE.XPD.TOTL.GD.ZS,,,,,,,,,,,,7.250520229,7.214580059,6.479929924,7.286900043,6.229740143,7.140490055,6.387569904,6.681029797,,,,,,,,,,,,,,,,,,,,,,,,,,,,,,,,,,,6.48108,6.07266,,,,
"Korea, Dem. Peoples Rep.",PRK,"Government expenditure on education, total (% of GDP)",SE.XPD.TOTL.GD.ZS,,,,,,,,,,,,,,,,,,,,,,,,,,,,,,,,,,,,,,,,,,,,,,,,,,,,,,,,,,,
Portugal,PRT,"Government expenditure on education, total (% of GDP)",SE.XPD.TOTL.GD.ZS,,,,,,,,,,,,,,1.633749962,1.935170054,3.062160015,3.078429937,,2.900190115,2.699039936,3.067130089,3.185440063,3.328769922,3.232490063,3.142230034,3.262170076,3.048949957,3.157670021,3.387190104,3.474900007,3.569370031,4.070930004,4.337039948,4.840469837,4.670839787,4.612860203,5.06512022,,,5.045350075,5.16177,5.33506,5.25588,5.27827,5.0423,5.07076,4.90802,4.92191,4.70213,5.56214,5.40289,5.12129,4.9464,5.27787,5.12325,4.88294,,,
Paraguay,PRY,"Government expenditure on education, total (% of GDP)",SE.XPD.TOTL.GD.ZS,,,,,,,,,,,2.105190039,2.265439987,,,,,,,,,,,,,,1.395849943,,,,,1.040709972,,,,,,,,4.198339939,4.230879784,4.23021,3.83357,3.40773,3.38276,2.8699,,,2.73951,,,2.77294,3.69728,3.66754,,,,3.43834,,
West Bank and Gaza,PSE,"Government expenditure on education, total (% of GDP)",SE.XPD.TOTL.GD.ZS,,,,,,,,,,,,,,,,,,,,,,,,,,,,,,,,,,,,,,,,,,,,,,,,,,,6.72547,5.7027,5.13268,5.3025,,5.14136,5.71773,5.25234,
Pacific island small states,PSS,"Government expenditure on education, total (% of GDP)",SE.XPD.TOTL.GD.ZS,,,,,,,,,,,,,,,,,,,,,,,,,,,,,,,,,,,,,,,,,,,,,,,,,,,,,,,,,,,
Post-demographic dividend,PST,"Government expenditure on education, total (% of GDP)",SE.XPD.TOTL.GD.ZS,,,,,,,,,,,,,,,,,,,,,,,,,,,,,,,,,,,,,,,,,,,,,,,,,,,,,,,,,,,
French Polynesia,PYF,"Government expenditure on education, total (% of GDP)",SE.XPD.TOTL.GD.ZS,,,,,,,,,,,,,,,,,,,,,,,,,,,,,,,,,,,,,,,,,,,,,,,,,,,,,,,,,,,
Qatar,QAT,"Government expenditure on education, total (% of GDP)",SE.XPD.TOTL.GD.ZS,,,,,,,,,,,,3.000279903,2.691440105,2.867830038,,,1.746970057,1.970059991,2.77696991,,,,,,,,,,,,,,,,,,,,3.577670097,4.345300198,3.72598,3.20019,3.84656,3.37394,3.46259,3.97188,,,4.22755,3.41315,4.53966,4.01224,3.50744,4.07384,3.60535,,,2.86383,
Romania,ROU,"Government expenditure on education, total (% of GDP)",SE.XPD.TOTL.GD.ZS,,,,,,,,,,,,,,,,,,,,,,,,,,,,,,,,,,,,,3.219779968,,,,2.85443,3.24046,3.4959,3.42195,3.25867,3.45668,4.25387,4.11774,4.11079,4.03672,3.49538,3.05943,2.9541,,3.12642,3.10676,,,
Russian Federation,RUS,"Government expenditure on education, total (% of GDP)",SE.XPD.TOTL.GD.ZS,,,,,,,,,,,,,,,,,,,,,,,,,,,,,,,,,,,,,,,,,2.93979,3.10602,3.83502,3.67854,3.54787,3.77193,3.86626,,4.10175,,,,3.78973,3.75621,4.00528,3.8334,3.74321,,
Rwanda,RWA,"Government expenditure on education, total (% of GDP)",SE.XPD.TOTL.GD.ZS,,,,,,,,,,,,,,,,,,2.150209904,2.232470036,2.441279888,2.666330099,4.392970085,,,,,,3.505779982,3.335340023,3.746629953,,,,,,,,,,4.57848978,4.09511,5.66607,,,,,,4.24104,3.73257,,4.88575,4.65048,4.63765,4.94894,4.30547,3.75146,3.53979,3.2057,3.11334
South Asia,SAS,"Government expenditure on education, total (% of GDP)",SE.XPD.TOTL.GD.ZS,,,,,,,,,,,,,,,,,,,,,,,,,,,,,,,,,,,,,,,,,,,,,,,,,,,,,,,,,,,
Saudi Arabia,SAU,"Government expenditure on education, total (% of GDP)",SE.XPD.TOTL.GD.ZS,,,,,,,,,,,,,,,,,,,,,,3.890249968,4.142549992,5.977970123,6.109570026,,6.255350113,,,,,5.779459953,5.144629955,5.999289989,6.343820095,5.692470074,4.943749905,4.377079964,8.281310081,7.072269917,5.90982,7.71887,7.63689,7.10509,6.27747,5.43092,5.89117,,5.13781,,,,,,,,,,
Sudan,SDN,"Government expenditure on education, total (% of GDP)",SE.XPD.TOTL.GD.ZS,,,,,,,,,,,,,,,,,,,,,,,,,,,,,,,,,,,,,,,,,1.01218,,1.42644,,1.6299,1.56307,1.96302,,2.20143,2.21868,,,,,,,,,
Senegal,SEN,"Government expenditure on education, total (% of GDP)",SE.XPD.TOTL.GD.ZS,,,,,,,,,,,,,,,,,,,,,,,,,,,,,,,,,,,,,,,2.527940035,2.48935008,2.49412,2.60249,2.67932,2.77211,3.04488,4.05773,3.76968,,3.98679,4.87013,5.18252,4.87895,4.73316,5.6725,5.72021,5.45638,5.12751,4.81492,
Singapore,SGP,"Government expenditure on education, total (% of GDP)",SE.XPD.TOTL.GD.ZS,,,,,,,,,,,,3.111500025,2.869839907,2.490230083,2.390110016,2.441720009,2.692529917,2.451050043,2.291359901,2.249660015,2.560300112,2.584280014,3.268549919,3.94904995,,,,,3.65583992,,,,,,,,,,,,3.32136,3.55138,3.90063,4.00778,3.67701,3.21966,2.86787,2.96336,2.77936,3.03184,3.10836,3.07419,3.10851,2.89769,,,,,
Solomon Islands,SLB,"Government expenditure on education, total (% of GDP)",SE.XPD.TOTL.GD.ZS,,,,,,,,,,,,3.400000095,,,,,,,,,,,,,,,,,,,,2.753819942,,,,,,,2.248709917,,,,,,,,,9.87995,8.79999,8.97326,9.86063,,,,,,,,
Sierra Leone,SLE,"Government expenditure on education, total (% of GDP)",SE.XPD.TOTL.GD.ZS,,,,,,,,,,,,,,,,,,,,,,,,,,,,,,,,,,,,,,,,,4.94937,3.43272,3.54528,3.26061,3.10713,2.79698,,2.55851,2.41317,2.77814,2.58864,2.6689,2.87204,2.37981,2.66292,,3.06023,4.63577,
El Salvador,SLV,"Government expenditure on education, total (% of GDP)",SE.XPD.TOTL.GD.ZS,,,,,,,,,,,,,,,,0.904510021,,,,,,,,,,,,,,,,,,,,,,,2.547250032,2.562609911,2.83868,,3.24284,3.13467,,3.17785,3.49298,3.60985,4.45811,4.6595,4.04808,3.89854,3.71244,3.80384,3.82545,3.95582,3.86991,3.75133,
San Marino,SMR,"Government expenditure on education, total (% of GDP)",SE.XPD.TOTL.GD.ZS,,,,,,,,,,,,,,,,2.670949936,,,,,,2.737920046,2.797009945,,2.085639954,,,,,,2.175740004,2.377779961,2.663219929,2.589359999,2.44975996,2.289589882,2.285779953,,,,,,,,,,,,,,2.30937,2.38373,,,,,,3.04131,
Somalia,SOM,"Government expenditure on education, total (% of GDP)",SE.XPD.TOTL.GD.ZS,,,,,,,,,,,,,1.184689999,1.277279973,,,,,,,,,,,,,,,,,,,,,,,,,,,,,,,,,,,,,,,,,,,,,
Serbia,SRB,"Government expenditure on education, total (% of GDP)",SE.XPD.TOTL.GD.ZS,,,,,,,,,,,,,,,,,,,,,,,,,,,,,,,,,,,,,,,,,,,,,,,,4.51091,4.70663,4.75188,4.58655,4.49298,4.42658,,4.18025,4.04069,3.86178,3.95618,
Sub-Saharan Africa (excluding high income),SSA,"Government expenditure on education, total (% of GDP)",SE.XPD.TOTL.GD.ZS,,,,,,,,,,,,,,,,,,,,,,,,,,,,,,,,,,,,,,,,,,,,,,,,,,,,,,,,,,,
South Sudan,SSD,"Government expenditure on education, total (% of GDP)",SE.XPD.TOTL.GD.ZS,,,,,,,,,,,,,,,,,,,,,,,,,,,,,,,,,,,,,,,,,,,,,,,,,,,,0.831,,1.08494,1.52004,1.35516,1.49687,0.98115,
Sub-Saharan Africa,SSF,"Government expenditure on education, total (% of GDP)",SE.XPD.TOTL.GD.ZS,,,,,,,,,,,,,,,,,,,,,,,,,,,,,,,,,,,,,,,,,,,,,,,,,,,,,,,,,,,
Small states,SST,"Government expenditure on education, total (% of GDP)",SE.XPD.TOTL.GD.ZS,,,,,,,,,,,,,,,,,,,,,,,,,,,,,,,,,,,,,,,,,,,,,,,,,,,,,,,,,,,
Sao Tome and Principe,STP,"Government expenditure on education, total (% of GDP)",SE.XPD.TOTL.GD.ZS,,,,,,,,,,,,,,,,,,,,,,,,,,,,,,,,,,,,,,,,,,,2.90139,3.46924,3.54727,5.29512,4.57392,6.48377,5.55449,10.6779,9.65147,,6.33951,5.93969,3.74883,3.89812,5.07533,4.85713,
Suriname,SUR,"Government expenditure on education, total (% of GDP)",SE.XPD.TOTL.GD.ZS,,,,,,,,,,,,,,,,,,,,,,,,,,,,,,,,,,,,,,,,,,,,,,,,,,,,,,,,,,,
Slovak Republic,SVK,"Government expenditure on education, total (% of GDP)",SE.XPD.TOTL.GD.ZS,,,,,,,,,,,,,,,,,,,,,,,,,,,,,,,,,5.379240036,4.468120098,3.727950096,4.315470219,4.139689922,4.129159927,,4.11247015,3.87199,3.94199,4.25106,4.21721,4.10813,3.76522,3.71354,3.52932,3.52674,4.01094,4.11588,3.96231,3.90921,4.08666,4.23068,4.63557,3.90267,,
Slovenia,SVN,"Government expenditure on education, total (% of GDP)",SE.XPD.TOTL.GD.ZS,,,,,,,,,,,,,,,,,,,,,,,,,,,,,,,,,,,,4.923840046,,,,,,5.75709,5.65512,5.69128,5.63518,5.58241,5.57559,5.10509,5.10609,5.56859,5.56251,5.56563,5.64783,5.43782,5.29444,4.91156,4.79565,,
Sweden,SWE,"Government expenditure on education, total (% of GDP)",SE.XPD.TOTL.GD.ZS,,,,,,,,,,,,,,,,,,,,6.463510036,6.630529881,6.878180027,,,,,,,,,5.286729813,5.521659851,5.33370018,5.585790157,,6.223899841,6.925010204,,7.167339802,6.930260181,6.81885,6.68601,7.00104,6.85764,6.72268,6.55951,6.41067,6.21507,6.39073,6.85779,6.61479,6.4832,7.64774,7.70949,7.67329,7.5483,7.66993,,
Eswatini,SWZ,"Government expenditure on education, total (% of GDP)",SE.XPD.TOTL.GD.ZS,,,,,,,,,,,,,,,,,3.714349985,3.944299936,5.796520233,6.364280224,5.297200203,6.58382988,6.753640175,,,,,5.802199841,5.511559963,5.661290169,5.484570026,,,,5.140289783,5.653140068,4.938159943,,,5.090950012,5.50848,4.83824,4.44087,5.81677,5.40161,6.48462,6.55476,,6.61812,6.47135,6.11837,6.86433,,,7.12767,,,,
Sint Maarten (Dutch part),SXM,"Government expenditure on education, total (% of GDP)",SE.XPD.TOTL.GD.ZS,,,,,,,,,,,,,,,,,,,,,,,,,,,,,,,,,,,,,,,,,,,,,,,,,,,,,,,,,,,
Seychelles,SYC,"Government expenditure on education, total (% of GDP)",SE.XPD.TOTL.GD.ZS,,,,,,,,,,,4.1884799,4.066390038,4.246940136,,4.283329964,4.345019817,4.745960236,,,,,,,,12.02892971,10.23305035,9.713600159,,8.291890144,8.229519844,,,,,9.021710396,7.703690052,7.779220104,,5.992070198,5.261000156,,,5.19333,5.37493,,,4.77012,,,,,3.60644,2.61393,3.60813,4.08368,,4.41832,,
Syrian Arab Republic,SYR,"Government expenditure on education, total (% of GDP)",SE.XPD.TOTL.GD.ZS,,,,,,,,,,,,,3.561180115,3.658740044,,3.912859917,5.786990166,5.661600113,5.462480068,4.92471981,4.575530052,5.383920193,5.897610188,,6.133890152,6.070049763,5.622940063,4.561840057,3.615859985,4.03414011,,,,,,,3.69904995,,,,,4.58227,5.24003,6.48084,5.37148,,5.27965,4.86471,4.59525,5.13014,,,,,,,,,
Turks and Caicos Islands,TCA,"Government expenditure on education, total (% of GDP)",SE.XPD.TOTL.GD.ZS,,,,,,,,,,,,,,,,4.048659801,3.919300079,,,,,3.163909912,,,,,,,,,,,,,,,,,3.391139984,4.647140026,4.71883,4.84301,5.06914,4.72878,,2.541,,,,,,,,,,3.15745,,,2.75847
Chad,TCD,"Government expenditure on education, total (% of GDP)",SE.XPD.TOTL.GD.ZS,,,,,,,,,,,,,,,,,,,,,,,,,,,,,,,,,,,,,,2.27335,1.64902997,3.227859974,2.64671,2.42614,,,1.59295,1.69477,,,,2.31174,1.98194,2.2579,2.20615,2.85071,,,,,
East Asia & Pacific (IDA & IBRD countries),TEA,"Government expenditure on education, total (% of GDP)",SE.XPD.TOTL.GD.ZS,,,,,,,,,,,,,,,,,,,,,,,,,,,,,,,,,,,,,,,,,,,,,,,,,,,,,,,,,,,
Europe & Central Asia (IDA & IBRD countries),TEC,"Government expenditure on education, total (% of GDP)",SE.XPD.TOTL.GD.ZS,,,,,,,,,,,,,,,,,,,,,,,,,,,,,,,,,,,,,,,,,,,,,,,,,,,,,,,,,,,
Togo,TGO,"Government expenditure on education, total (% of GDP)",SE.XPD.TOTL.GD.ZS,,,,,,,,,,,2.113800049,,,,,,,,,6.679140091,,5.882080078,,,5.39357996,,,4.71762991,,,,,5.675139904,,,,4.412439823,,3.984240055,4.185719967,3.9209,3.76704,3.48745,3.32609,3.10963,3.15978,3.43501,3.51063,3.2853,3.86788,4.09646,4.3093,4.7192,4.42365,4.78455,5.1086,4.9847,,
Thailand,THA,"Government expenditure on education, total (% of GDP)",SE.XPD.TOTL.GD.ZS,,,,,,,,,,,,3.066220045,3.029150009,2.554250002,2.146869898,2.380880117,3.016720057,3.215120077,,2.845289946,2.5745399,2.883140087,3.273880005,3.463870049,3.437220097,,3.407979965,3.115819931,2.753420115,2.502429962,,3.08859992,3.045409918,,3.405230045,3.144979954,3.499609947,4.577199936,4.625699997,4.832670212,5.25346,4.81786,3.86492,3.72561,4.03089,3.93859,4.05038,3.60314,3.5085,3.86194,3.50844,4.80556,4.53671,4.12402,,,,,
Tajikistan,TJK,"Government expenditure on education, total (% of GDP)",SE.XPD.TOTL.GD.ZS,,,,,,,,,,,,,,,,,,,,,,,,,,,,,,,,,,8.268139839,,2.065900087,2.042789936,,2.528739929,2.076519966,2.32871,2.37668,2.77571,2.42069,2.77208,3.51213,3.40347,3.41327,3.45985,4.09831,4.00675,3.93511,4.01803,,,5.23139,,,
Turkmenistan,TKM,"Government expenditure on education, total (% of GDP)",SE.XPD.TOTL.GD.ZS,,,,,,,,,,,,,,,,,,,,,,,,,,,,,,,,,,,,,,,,,,,,,,,,,,,,,3.04925,,,,,,
Latin America & the Caribbean (IDA & IBRD countries),TLA,"Government expenditure on education, total (% of GDP)",SE.XPD.TOTL.GD.ZS,,,,,,,,,,,,,,,,,,,,,,,,,,,,,,,,,,,,,,,,,,,,,,,,,,,,,,,,,,,
Timor-Leste,TLS,"Government expenditure on education, total (% of GDP)",SE.XPD.TOTL.GD.ZS,,,,,,,,,,,,,,,,,,,,,,,,,,,,,,,,,,,,,,,,,,,,,,,,,1.28041,2.9314,2.44942,1.87034,1.246,1.39981,2.68879,4.3374,5.2893,3.84654,
Middle East & North Africa (IDA & IBRD countries),TMN,"Government expenditure on education, total (% of GDP)",SE.XPD.TOTL.GD.ZS,,,,,,,,,,,,,,,,,,,,,,,,,,,,,,,,,,,,,,,,,,,,,,,,,,,,,,,,,,,
Tonga,TON,"Government expenditure on education, total (% of GDP)",SE.XPD.TOTL.GD.ZS,,,,,,,,,,,,,,,,,,,,,,,,,10.34650993,,,,,,,,,,,,,,5.590889931,5.460919857,4.94077,4.53256,3.79232,4.16012,3.90804,,,,,,,,,,,,,,
South Asia (IDA & IBRD),TSA,"Government expenditure on education, total (% of GDP)",SE.XPD.TOTL.GD.ZS,,,,,,,,,,,,,,,,,,,,,,,,,,,,,,,,,,,,,,,,,,,,,,,,,,,,,,,,,,,
Sub-Saharan Africa (IDA & IBRD countries),TSS,"Government expenditure on education, total (% of GDP)",SE.XPD.TOTL.GD.ZS,,,,,,,,,,,,,,,,,,,,,,,,,,,,,,,,,,,,,,,,,,,,,,,,,,,,,,,,,,,
Trinidad and Tobago,TTO,"Government expenditure on education, total (% of GDP)",SE.XPD.TOTL.GD.ZS,,,,,,,,,,,,,,,,,,,,,3.768079996,,5.457399845,5.766600132,5.87390995,5.767749786,,,,4.19987011,3.654129982,,,,3.431809902,3.558549881,3.248769999,3.325210094,2.438920021,2.756119967,2.75565,3.06529,3.54301,3.1366,,,,,,,,,,,,,,,
Tunisia,TUN,"Government expenditure on education, total (% of GDP)",SE.XPD.TOTL.GD.ZS,,,,,,,,,,,,,,,,,,,,,5.235159874,4.889359951,5.286049843,5.457630157,5.517449856,5.539720058,5.879489899,,,,5.790860176,6.027470112,5.754889965,5.983769894,6.176469803,6.429759979,6.287809849,6.679029942,,6.270989895,6.20198,6.20183,5.79003,6.81673,6.72078,6.45157,6.43859,6.46552,6.27219,6.52848,6.25481,,6.25037,,,6.59921,,,
Turkey,TUR,"Government expenditure on education, total (% of GDP)",SE.XPD.TOTL.GD.ZS,,,,,,,,,,,,,,,,,,,4.347740173,2.915199995,,2.208300114,1.754909992,2.647599936,2.029230118,1.738109946,1.509570003,,,,,,,3.365469933,3.42482996,2.251110077,,,0,2.886640072,2.52908,2.65434,2.74894,2.87664,3.0202,,2.75062,,,,,,,,,,,,
Tuvalu,TUV,"Government expenditure on education, total (% of GDP)",SE.XPD.TOTL.GD.ZS,,,,,,,,,,,,,,,,,,,,,,,,,,,,,,,7.554180145,,,,,,,3.730829954,,,,,,,,,,,,,,,,,,,,,
Tanzania,TZA,"Government expenditure on education, total (% of GDP)",SE.XPD.TOTL.GD.ZS,,,,,,,,,,,,,,,,,,,,,,,,,,,,,,2.249269962,2.138070107,,,,,,2.53283,2.458590031,2.175909996,,,,,,3.56123,3.54625,3.00992,4.03342,4.18591,3.96076,4.5417,,,,3.38488,,,,
Uganda,UGA,"Government expenditure on education, total (% of GDP)",SE.XPD.TOTL.GD.ZS,,,,,,,,,,,,3.161050081,,3.350229979,3.390919924,3.221029997,2.676589966,,,,,,2.515520096,1.689090014,2.428359985,3.431960106,,,5.103650093,,,,,,,,,,,,2.46167,,,,4.95237,,,,,,2.38901,3.03767,2.48314,2.20876,2.25068,2.77376,2.55882,2.63501,
Ukraine,UKR,"Government expenditure on education, total (% of GDP)",SE.XPD.TOTL.GD.ZS,,,,,,,,,,,4.572929859,,,,,,,,,,,,,,,,,,,,,,,,,,,5.456009865,4.448840141,3.618079901,4.16623,4.68506,5.43863,5.60786,5.31351,6.06441,6.2148,6.15721,6.43621,7.31802,,6.16237,6.69233,6.67166,5.87494,,5.00978,5.414,
Upper middle income,UMC,"Government expenditure on education, total (% of GDP)",SE.XPD.TOTL.GD.ZS,,,,,,,,,,,,,,,,,,,,,,,,,,,,,,,,,,,,,,,,,,,,,,,,,,,,,,,,,,,
Uruguay,URY,"Government expenditure on education, total (% of GDP)",SE.XPD.TOTL.GD.ZS,,,,,,,,,,,,,,,,,,,,1.987130046,2.159509897,,,,2.373389959,2.566790104,3.102829933,,,,,2.479079962,2.411530018,,2.271719933,2.521399975,2.869869947,,2.243370056,,2.42255,2.80096,2.3222,2.06821,2.49954,2.71475,2.88026,,,,,4.35527,,,,,4.7591,4.86891,
United States,USA,"Government expenditure on education, total (% of GDP)",SE.XPD.TOTL.GD.ZS,,,,,,,,,,,,,,,,,,,,,,,,,,,,,,,,,,,,,,,,,,,,,,,,,,,,,,4.93105,4.96174,,,,
Uzbekistan,UZB,"Government expenditure on education, total (% of GDP)",SE.XPD.TOTL.GD.ZS,,,,,,,,,,,,,,,,,,,,,,,,,,,,,,,,,,,,,,,,,,,,,,,,,,,,,,7.28354,7.31866,7.07882,6.87223,6.28948,
St. Vincent and the Grenadines,VCT,"Government expenditure on education, total (% of GDP)",SE.XPD.TOTL.GD.ZS,,,,,,,,,,,,,,,,,,,,,,,,,,,4.42911005,,,4.468689919,,4.873770237,,,,,,,4.033360004,5.752679825,7.91381,,7.80199,8.63783,,6.35081,,5.67103,,5.68978,5.08523,,,,,,5.76068,5.78273,
"Venezuela, RB",VEN,"Government expenditure on education, total (% of GDP)",SE.XPD.TOTL.GD.ZS,,,,,,,,,,,3.558979988,3.573559999,4.135560036,,3.375240088,4.44438982,,4.494100094,,,3.762320042,4.434919834,4.282330036,5.180749893,4.199419975,,,4.058650017,3.750590086,,2.528409958,,4.454609871,3.945310116,5.173180103,,,,,,,,,,,,3.66906,3.62732,,6.87467,,,,,,,,,
British Virgin Islands,VGB,"Government expenditure on education, total (% of GDP)",SE.XPD.TOTL.GD.ZS,,,,,,,,,,,12.32094955,10.41191959,,8.43667984,,,,,,,,,,,,,,,,,,,,,,,,,,,,3.38478,,,,3.54973,4.17223,3.67275,,4.05074,4.44775,,,,,6.31728,,3.23202,
Virgin Islands (U.S.),VIR,"Government expenditure on education, total (% of GDP)",SE.XPD.TOTL.GD.ZS,,,,,,,,,,,,,,,,,,,,,,,,,,,,,,,,,,,,,,,,,,,,,,,,,,,,,,,,,,,
Vietnam,VNM,"Government expenditure on education, total (% of GDP)",SE.XPD.TOTL.GD.ZS,,,,,,,,,,,,,,,,,,,,,,,,,,,,,,,,,,,,,,,,,,,,,,,,,4.88674,4.8165,5.13722,4.81372,5.53329,5.652,,,4.34481,,
Vanuatu,VUT,"Government expenditure on education, total (% of GDP)",SE.XPD.TOTL.GD.ZS,,,,,,,,,,,,,,,,,,,,,,,,,,,,,,,,,,,4.388020039,,,,7.640820026,6.162829876,7.00363,8.95115,8.13175,8.44173,,,,,5.78303,5.01295,,,,,4.91083,5.54987,,4.69537,
World,WLD,"Government expenditure on education, total (% of GDP)",SE.XPD.TOTL.GD.ZS,,,,,,,,,,,,,,,,,,,,,,,,,,,,,,,,,,,,,,,,,,,,,,,,,,,,,,,,,,,
Samoa,WSM,"Government expenditure on education, total (% of GDP)",SE.XPD.TOTL.GD.ZS,,,,,,,,,,,,,,,,,,,,,,,,,,,,,,,,,,,,,,,,4.016250134,3.58293,3.82629,3.84139,,,,,,5.14421,,,,,,,,4.08047,,
Kosovo,XKX,"Government expenditure on education, total (% of GDP)",SE.XPD.TOTL.GD.ZS,,,,,,,,,,,,,,,,,,,,,,,,,,,,,,,,,,,,,,,,,,,,,,,,,,,,,,,,,,,
"Yemen, Rep.",YEM,"Government expenditure on education, total (% of GDP)",SE.XPD.TOTL.GD.ZS,,,,,,,,,,,,,,,,,,,,,,,,,,,,,,,,,,,,,,,,,9.64552,9.23766,,,,,,,5.15143,,,,,,,,,,
South Africa,ZAF,"Government expenditure on education, total (% of GDP)",SE.XPD.TOTL.GD.ZS,,,,,,,,,,,,,,,,,,,,,,,,,,,,5.164330006,5.290589809,4.85255003,5.125790119,5.737349987,,5.886020184,5.806089878,,5.575749874,,,5.875229836,5.44358,5.15948,5.06622,4.86485,5.06891,5.0632,5.07257,4.97414,4.866,5.24869,5.72174,5.96275,6.37164,6.01354,6.04662,5.95619,5.94059,6.12535,6.16137
Zambia,ZMB,"Government expenditure on education, total (% of GDP)",SE.XPD.TOTL.GD.ZS,,,,,,,,,,,4.38781023,6.095349789,5.945789814,5.488070011,4.878009796,6.238540173,6.026939869,5.692510128,4.740749836,4.154940128,4.126709938,4.000720024,5.154870033,5.388020039,4.9885602,4.145840168,3.338989973,2.662260056,,,,2.740570068,2.091599941,1.942080021,1.793519974,1.838529944,,,2.118230104,1.774950027,1.78819,,,,2.46343,1.73553,,1.24076,1.09972,,,,,,,,,,
Zimbabwe,ZWE,"Government expenditure on education, total (% of GDP)",SE.XPD.TOTL.GD.ZS,,,,,,,,,,,,,,,,,,,,2.317840099,2.544179916,3.351540089,,4.145480156,5.791500092,7.419260025,,11.64476013,12.33728981,12.28423023,12.45425987,,22.32221031,,44.33398056,,,,,,,,,,,,,,,,1.54406,,6.07021,5.99598,6.13835,,,,